Data,Otwarcie,Najwyzszy,Najnizszy,Zamkniecie,Wolumen
2011-02-17,1.4211,1.5789,1.1842,1.4211,542292
2011-02-18,1.3421,1.5789,1.1842,1.5,377847
2011-02-21,1.5789,1.6579,1.4211,1.4211,430907
2011-02-22,1.4211,1.4211,1.2632,1.4211,99364
2011-02-23,1.3421,1.4211,1.2632,1.4211,47601
2011-02-24,1.3421,1.4211,1.2632,1.3421,30109
2011-02-25,1.2632,1.4211,1.2632,1.4211,29881
2011-02-28,1.3421,1.5,1.3421,1.5,130042
2011-03-01,1.5,1.5,1.3421,1.4211,11432
2011-03-02,1.4211,1.4211,1.2632,1.2632,61826
2011-03-03,1.3421,1.3421,1.1842,1.3421,62681
2011-03-04,1.3421,1.3421,1.1842,1.3421,9690
2011-03-07,1.2632,1.3421,1.1842,1.3421,31147
2011-03-08,1.2632,1.2632,1.1842,1.2632,1862
2011-03-09,1.1842,1.2632,1.1842,1.2632,6834
2011-03-10,1.1842,1.3421,1.1842,1.2632,102119
2011-03-11,1.2632,1.2632,1.1842,1.2632,21590
2011-03-14,1.1842,1.2632,1.1842,1.2632,25929
2011-03-15,1.2632,1.2632,1.1053,1.1842,57291
2011-03-16,1.1842,1.2632,1.1842,1.1842,3059
2011-03-17,1.1842,1.1842,1.1053,1.1842,17227
2011-03-18,1.2632,1.2632,1.1053,1.2632,2761
2011-03-21,1.2632,1.2632,1.1053,1.1842,9196
2011-03-22,1.1842,1.1842,1.1053,1.1053,10938
2011-03-23,1.1053,1.1842,1.1053,1.1842,1748
2011-03-24,1.1842,1.1842,1.0263,1.1053,9475
2011-03-25,1.1053,1.1842,1.0263,1.1053,1754
2011-03-28,1.1842,1.1842,1.0263,1.1053,1932
2011-03-29,1.1053,1.1053,1.1053,1.1053,9760
2011-03-30,1.1053,1.1053,1.0263,1.0263,10767
2011-03-31,1.0263,1.2632,1.0263,1.2632,57082
2011-04-01,1.1842,1.3421,1.1842,1.2632,101213
2011-04-04,1.2632,1.2632,1.1842,1.1842,5421
2011-04-05,1.1842,1.1842,1.1053,1.1842,21451
2011-04-06,1.1842,1.1842,1.1053,1.1842,12831
2011-04-07,1.1053,1.1842,1.1053,1.1842,22908
2011-04-08,1.1842,1.2632,1.1053,1.2632,3179
2011-04-11,1.1842,1.1842,1.1053,1.1053,45670
2011-04-12,1.1053,1.1053,1.1053,1.1053,44067
2011-04-13,1.1053,1.1053,1.1053,1.1053,30166
2011-04-14,1.1053,1.1842,1.1053,1.1842,823
2011-04-15,1.1842,1.2632,1.1053,1.1842,57994
2011-04-18,1.1842,1.1842,1.1053,1.1842,6454
2011-04-19,1.1842,1.1842,1.1842,1.1842,23180
2011-04-20,1.1842,1.3421,1.1842,1.2632,76374
2011-04-21,1.1842,1.2632,1.1842,1.2632,14567
2011-04-26,1.2632,1.2632,1.1842,1.1842,30071
2011-04-27,1.2632,1.3421,1.2632,1.3421,25675
2011-04-28,1.2632,1.3421,1.2632,1.2632,14497
2011-04-29,1.2632,1.3421,1.2632,1.2632,7385
2011-05-02,1.2632,1.2632,1.1842,1.1842,2609
2011-05-04,1.1842,1.2632,1.1842,1.2632,139
2011-05-05,1.2632,1.2632,1.1842,1.1842,3927
2011-05-06,1.2632,1.2632,1.1842,1.2632,12027
2011-05-09,1.2632,1.2632,1.2632,1.2632,5029
2011-05-10,1.2632,1.3421,1.2632,1.2632,13154
2011-05-11,1.2632,1.2632,1.1842,1.1842,6257
2011-05-12,1.2632,1.2632,1.1842,1.1842,24206
2011-05-13,1.1842,1.2632,1.1842,1.2632,9722
2011-05-16,1.1842,1.2632,1.1842,1.2632,15200
2011-05-17,1.2632,1.2632,1.1053,1.1053,10551
2011-05-18,1.1842,1.1842,1.1842,1.1842,3027
2011-05-19,1.1842,1.1842,1.1053,1.1053,5320
2011-05-20,1.1842,1.1842,1.1842,1.1842,633
2011-05-23,1.1842,1.1842,1.1053,1.1842,37772
2011-05-24,1.1053,1.1053,1.1053,1.1053,5168
2011-05-25,1.1053,1.2632,1.1053,1.2632,26758
2011-05-26,1.1842,1.1842,1.1053,1.1053,5225
2011-05-27,1.1053,1.2632,1.1053,1.2632,9823
2011-05-30,1.1842,1.4211,1.1842,1.4211,93993
2011-05-31,1.4211,1.4211,1.2632,1.3421,14719
2011-06-01,1.2632,1.3421,1.1842,1.1842,14845
2011-06-02,1.2632,1.2632,1.1842,1.1842,12755
2011-06-03,1.1842,1.2632,1.1053,1.1053,35891
2011-06-06,1.1053,1.2632,1.1053,1.1053,24573
2011-06-07,1.1842,1.1842,1.1053,1.1053,1811
2011-06-08,1.1053,1.1842,1.1053,1.1842,2597
2011-06-09,1.1053,1.1842,1.1053,1.1842,2736
2011-06-10,1.1053,1.1842,1.1053,1.1842,127
2011-06-13,1.1842,1.1842,1.1842,1.1842,127
2011-06-14,1.1053,1.1053,1.1053,1.1053,36455
2011-06-15,1.1053,1.1842,1.1053,1.1842,380
2011-06-16,1.1842,1.1842,1.1053,1.1842,6713
2011-06-17,1.1053,1.1053,1.1053,1.1053,17961
2011-06-20,1.1053,1.1053,1.1053,1.1053,1140
2011-06-21,1.1053,1.1053,1.1053,1.1053,2134
2011-06-22,1.1053,1.1053,1.1053,1.1053,507
2011-06-24,1.1842,1.1842,1.1053,1.1053,3749
2011-06-27,1.1842,1.1842,1.1053,1.1053,4921
2011-06-28,1.1053,1.1842,1.1053,1.1053,5409
2011-06-29,1.1053,1.1053,1.1053,1.1053,5174
2011-06-30,1.1053,1.1053,1.1053,1.1053,6314
2011-07-01,1.1053,1.1053,1.1053,1.1053,5459
2011-07-04,1.1053,1.1053,1.1053,1.1053,3129
2011-07-05,1.1053,1.1053,1.1053,1.1053,8879
2011-07-06,1.1053,1.1053,1.1053,1.1053,2299
2011-07-08,1.1053,1.1053,1.1053,1.1053,3420
2011-07-11,1.1053,1.1053,1.0263,1.0263,15244
2011-07-12,1.0263,1.0263,1.0263,1.0263,2046
2011-07-13,1.0263,1.1053,1.0263,1.1053,2913
2011-07-14,1.1053,1.1053,1.1053,1.1053,127
2011-07-15,1.1053,1.1053,0.9474,0.9474,11736
2011-07-18,0.9474,0.9474,0.9474,0.9474,5333
2011-07-19,0.9474,0.9474,0.9474,0.9474,3673
2011-07-20,0.9474,1.0263,0.9474,1.0263,3952
2011-07-21,1.0263,1.0263,1.0263,1.0263,2103
2011-07-22,1.0263,1.0263,1.0263,1.0263,253
2011-07-25,1.1053,1.1053,1.1053,1.1053,760
2011-07-26,1.1053,1.1053,1.0263,1.0263,1995
2011-07-27,1.0263,1.0263,1.0263,1.0263,475
2011-07-28,1.0263,1.0263,1.0263,1.0263,1058
2011-07-29,0.9474,0.9474,0.9474,0.9474,931
2011-08-01,0.9474,0.9474,0.9474,0.9474,633
2011-08-02,0.9474,0.9474,0.9474,0.9474,127
2011-08-03,0.9474,0.9474,0.7895,0.8684,48596
2011-08-04,0.7895,0.7895,0.7895,0.7895,14693
2011-08-05,0.7895,0.8684,0.7895,0.7895,2179
2011-08-08,0.7895,0.7895,0.7895,0.7895,8081
2011-08-09,0.7895,0.8684,0.6316,0.6316,8696
2011-08-10,0.6316,0.7895,0.6316,0.7895,2837
2011-08-11,0.8684,0.8684,0.7895,0.8684,95
2011-08-12,0.7895,0.7895,0.7895,0.7895
2011-08-16,0.8684,0.8684,0.7895,0.7895,8436
2011-08-17,0.8684,0.9474,0.7895,0.7895,139
2011-08-18,0.8684,0.9474,0.8684,0.8684,5656
2011-08-19,0.8684,0.8684,0.8684,0.8684,1393
2011-08-22,0.8684,0.8684,0.8684,0.8684,127
2011-08-23,0.9474,0.9474,0.8684,0.8684,127
2011-08-24,0.8684,0.8684,0.8684,0.8684,127
2011-08-25,0.9474,0.9474,0.9474,0.9474,127
2011-08-26,0.9474,0.9474,0.8684,0.8684,703
2011-08-29,0.8684,0.8684,0.8684,0.8684,2128
2011-08-30,0.8684,1.0263,0.8684,0.9474,2666
2011-08-31,0.9474,1.0263,0.9474,1.0263,507
2011-09-01,1.0263,1.0263,1.0263,1.0263,3661
2011-09-02,1.0263,1.0263,0.9474,0.9474,23161
2011-09-05,1.0263,1.1053,1.0263,1.1053,15580
2011-09-06,1.1053,1.1053,0.9474,0.9474,766
2011-09-07,0.9474,1.0263,0.9474,1.0263,253
2011-09-08,1.1053,1.1053,1.0263,1.0263,3927
2011-09-09,1.0263,1.1053,0.9474,1.1053,253
2011-09-13,1.0263,1.0263,0.9474,0.9474,6523
2011-09-14,0.9474,0.9474,0.8684,0.8684,127
2011-09-15,0.9474,0.9474,0.9474,0.9474,63
2011-09-16,1.0263,1.1053,1.0263,1.1053,4642
2011-09-19,1.1053,1.1053,1.1053,1.1053,127
2011-09-20,1.1053,1.1053,1.0263,1.0263,152
2011-09-21,1.1053,1.1053,1.0263,1.0263,6460
2011-09-22,1.0263,1.1053,0.9474,0.9474,532
2011-09-23,1.0263,1.1053,0.9474,0.9474,139
2011-09-27,1.0263,1.0263,0.9474,0.9474,127
2011-09-28,0.9474,1.0263,0.9474,1.0263,7860
2011-09-29,0.9474,1.0263,0.9474,1.0263,13
2011-09-30,1.0263,1.0263,0.9474,1.0263,165
2011-10-03,1.0263,1.0263,1.0263,1.0263,1723
2011-10-04,1.0263,1.0263,0.9474,0.9474,1121
2011-10-05,0.9474,1.0263,0.8684,1.0263,1577
2011-10-06,1.0263,1.0263,1.0263,1.0263,127
2011-10-07,1.0263,1.0263,1.0263,1.0263,127
2011-10-10,1.0263,1.0263,1.0263,1.0263,127
2011-10-11,0.9474,0.9474,0.9474,0.9474,545
2011-10-12,0.9474,0.9474,0.9474,0.9474,1393
2011-10-13,0.9474,0.9474,0.7895,0.7895,2856
2011-10-14,0.7895,0.8684,0.7895,0.7895,1115
2011-10-17,0.8684,0.8684,0.8684,0.8684,19
2011-10-18,0.8684,0.8684,0.8684,0.8684,63
2011-10-19,0.8684,0.8684,0.8684,0.8684,13
2011-10-20,0.8684,0.8684,0.8684,0.8684,38
2011-10-21,0.8684,0.8684,0.8684,0.8684,2109
2011-10-24,0.8684,0.8684,0.8684,0.8684,63
2011-10-25,0.8684,0.9474,0.8684,0.9474,19
2011-10-26,0.9474,0.9474,0.9474,0.9474,127
2011-10-27,0.9474,0.9474,0.9474,0.9474,38
2011-10-28,0.9474,0.9474,0.9474,0.9474,25
2011-10-31,0.9474,0.9474,0.9474,0.9474,63
2011-11-02,0.9474,0.9474,0.9474,0.9474,63
2011-11-03,0.9474,0.9474,0.8684,0.8684,671
2011-11-04,0.9474,0.9474,0.8684,0.8684,697
2011-11-07,0.9474,0.9474,0.9474,0.9474,127
2011-11-08,0.9474,0.9474,0.9474,0.9474,127
2011-11-09,0.9474,0.9474,0.9474,0.9474,63
2011-11-10,0.9474,0.9474,0.9474,0.9474,25
2011-11-14,0.9474,0.9474,0.9474,0.9474,38
2011-11-15,0.9474,0.9474,0.9474,0.9474,25
2011-11-16,0.9474,0.9474,0.9474,0.9474,25
2011-11-17,0.9474,0.9474,0.9474,0.9474,152
2011-11-18,0.9474,0.9474,0.8684,0.8684,127
2011-11-21,0.9474,0.9474,0.9474,0.9474,63
2011-11-22,0.9474,0.9474,0.9474,0.9474,127
2011-11-23,0.9474,0.9474,0.9474,0.9474,127
2011-11-24,0.9474,0.9474,0.7895,0.7895,6397
2011-11-25,0.7895,0.7895,0.7895,0.7895,633
2011-11-29,0.7895,0.7895,0.7895,0.7895,1013
2011-11-30,0.7895,0.7895,0.7895,0.7895,253
2011-12-02,0.7895,0.7895,0.7895,0.7895,253
2011-12-05,0.7105,0.7895,0.7105,0.7895,380
2011-12-07,0.7105,0.7105,0.7105,0.7105,7600
2011-12-08,0.6316,0.6316,0.6316,0.6316,2894
2011-12-09,0.6316,0.6316,0.6316,0.6316,253
2011-12-12,0.6316,0.6316,0.5526,0.6316,14136
2011-12-13,0.6316,0.6316,0.6316,0.6316,101
2011-12-14,0.6316,0.6316,0.6316,0.6316,63
2011-12-15,0.6316,0.6316,0.47368,0.5526,5611
2011-12-16,0.5526,0.5526,0.5526,0.5526,2894
2011-12-19,0.5526,0.5526,0.5526,0.5526,190
2011-12-20,0.5526,0.5526,0.5526,0.5526,842
2011-12-21,0.5526,0.5526,0.5526,0.5526,1457
2011-12-22,0.5526,0.5526,0.5526,0.5526,190
2011-12-23,0.47368,0.5526,0.47368,0.47368,15453
2011-12-27,0.47368,0.5526,0.47368,0.5526,1672
2011-12-28,0.5526,0.5526,0.5526,0.5526,76
2011-12-29,0.5526,0.5526,0.5526,0.5526,253
2011-12-30,0.5526,0.5526,0.5526,0.5526,127
2012-01-02,0.5526,0.5526,0.5526,0.5526,6017
2012-01-03,0.5526,0.5526,0.5526,0.5526,253
2012-01-04,0.5526,0.5526,0.5526,0.5526,2305
2012-01-05,0.5526,0.5526,0.5526,0.5526,608
2012-01-13,0.47368,0.6316,0.47368,0.5526,5269
2012-01-17,0.6316,0.6316,0.6316,0.6316,70
2012-01-18,0.6316,0.6316,0.6316,0.6316,158
2012-01-19,0.6316,0.6316,0.6316,0.6316,63
2012-01-20,0.6316,0.6316,0.6316,0.6316,158
2012-01-23,0.6316,0.6316,0.5526,0.6316,450
2012-01-24,0.6316,0.6316,0.6316,0.6316,127
2012-01-25,0.6316,0.6316,0.6316,0.6316,127
2012-01-26,0.6316,0.6316,0.6316,0.6316,6378
2012-01-27,0.6316,0.7105,0.6316,0.7105,2179
2012-01-30,0.6316,0.7105,0.6316,0.7105,481
2012-01-31,0.7105,0.7895,0.7105,0.7895,3027
2012-02-01,0.7895,0.7895,0.7895,0.7895,51
2012-02-02,0.7105,0.7105,0.7105,0.7105
2012-02-08,0.7895,0.7895,0.7895,0.7895,1393
2012-02-09,0.7895,0.8684,0.7895,0.8684,165
2012-02-10,0.7895,0.7895,0.7105,0.7105,3939
2012-02-13,0.7105,0.7105,0.7105,0.7105,633
2012-02-14,0.7105,0.7105,0.7105,0.7105,146
2012-02-15,0.7105,0.7895,0.6316,0.6316,1260
2012-02-16,0.6316,0.6316,0.6316,0.6316,2597
2012-02-17,0.6316,0.6316,0.6316,0.6316,63
2012-02-20,0.6316,0.7105,0.5526,0.7105,4427
2012-02-21,0.7105,0.7105,0.7105,0.7105,152
2012-02-22,0.7105,0.7105,0.7105,0.7105,1507
2012-02-23,0.7105,0.7105,0.7105,0.7105,3027
2012-02-24,0.7105,0.7105,0.7105,0.7105,253
2012-02-27,0.7105,0.7105,0.7105,0.7105,253
2012-02-28,0.7105,0.7895,0.7105,0.7895,8677
2012-02-29,0.7895,0.8684,0.7895,0.7895,2742
2012-03-01,0.7895,0.7895,0.7895,0.7895,1843
2012-03-02,0.7895,0.8684,0.7105,0.8684,12762
2012-03-05,0.8684,0.8684,0.7895,0.7895,760
2012-03-06,0.8684,0.8684,0.8684,0.8684,127
2012-03-07,0.8684,0.8684,0.8684,0.8684,95
2012-03-08,0.8684,0.8684,0.8684,0.8684,13
2012-03-09,0.8684,0.8684,0.8684,0.8684,25
2012-03-12,0.8684,0.8684,0.7895,0.7895,1330
2012-03-14,0.7105,0.7895,0.7105,0.7895,12730
2012-03-15,0.7895,0.7895,0.6316,0.6316,35384
2012-03-16,0.6316,0.6316,0.6316,0.6316,63
2012-03-19,0.6316,0.7105,0.6316,0.7105,317
2012-03-20,0.7105,0.7105,0.7105,0.7105,63
2012-03-21,0.7105,0.7105,0.7105,0.7105,63
2012-03-22,0.6316,0.6316,0.6316,0.6316,127
2012-03-23,0.6316,0.7105,0.5526,0.7105,60477
2012-03-26,0.6316,0.6316,0.5526,0.6316,27303
2012-03-27,0.5526,0.5526,0.5526,0.5526,5067
2012-03-28,0.6316,0.6316,0.5526,0.5526,3515
2012-03-29,0.5526,0.5526,0.47368,0.5526,3610
2012-04-02,0.5526,0.5526,0.5526,0.5526,823
2012-04-05,0.6316,0.6316,0.6316,0.6316,19646
2012-04-10,0.7105,0.7105,0.7105,0.7105,12274
2012-04-11,0.7105,0.7895,0.7105,0.7895,2584
2012-04-12,0.7105,0.7895,0.7105,0.7895,2882
2012-04-13,0.7895,0.7895,0.7895,0.7895,887
2012-04-16,0.7895,0.7895,0.7895,0.7895,127
2012-04-17,0.7895,0.7895,0.7895,0.7895,127
2012-04-18,0.7895,0.7895,0.7895,0.7895,190
2012-04-19,0.7895,0.7895,0.6316,0.7895,4782
2012-04-20,0.7895,0.7895,0.7895,0.7895,950
2012-04-23,0.7895,0.7895,0.7105,0.7105,82
2012-04-25,0.6316,0.6316,0.6316,0.6316,2533
2012-04-26,0.5526,0.6316,0.5526,0.6316,8404
2012-04-27,0.6316,0.6316,0.6316,0.6316,1355
2012-05-04,0.6316,0.6316,0.6316,0.6316,253
2012-05-09,0.6316,0.6316,0.6316,0.6316,25
2012-05-10,0.7105,0.7105,0.6316,0.6316,3015
2012-05-11,0.7105,0.7105,0.7105,0.7105,1013
2012-05-14,0.7895,0.7895,0.7895,0.7895,63
2012-05-15,0.7895,0.7895,0.7895,0.7895,32
2012-05-17,0.7895,0.7895,0.7895,0.7895,25
2012-05-18,0.7895,0.7895,0.7895,0.7895,32
2012-05-21,0.7895,0.7895,0.7895,0.7895,127
2012-05-22,0.7895,0.7895,0.6316,0.6316,2375
2012-05-23,0.7105,0.7105,0.7105,0.7105,13
2012-05-24,0.7105,0.7105,0.7105,0.7105,25
2012-05-25,0.7105,0.7105,0.7105,0.7105,38
2012-05-28,0.7105,0.7105,0.7105,0.7105,38
2012-05-29,0.7105,0.7105,0.6316,0.7105,3851
2012-05-30,0.7105,0.7105,0.7105,0.7105,25
2012-05-31,0.7105,0.7105,0.7105,0.7105,63
2012-06-01,0.6316,0.6316,0.5526,0.5526,26093
2012-06-04,0.5526,0.5526,0.5526,0.5526,38
2012-06-05,0.5526,0.5526,0.47368,0.47368,13699
2012-06-06,0.47368,0.47368,0.47368,0.47368,11273
2012-06-08,0.47368,0.5526,0.47368,0.5526,76
2012-06-11,0.5526,0.5526,0.5526,0.5526,13
2012-06-12,0.5526,0.5526,0.5526,0.5526,13
2012-06-13,0.5526,0.5526,0.5526,0.5526,13
2012-06-14,0.5526,0.5526,0.47368,0.5526,1248
2012-06-15,0.5526,0.5526,0.5526,0.5526,13
2012-06-18,0.5526,0.5526,0.5526,0.5526,13
2012-06-19,0.5526,0.5526,0.5526,0.5526,13
2012-06-20,0.5526,0.5526,0.5526,0.5526,13
2012-06-21,0.5526,0.5526,0.5526,0.5526,13
2012-06-22,0.5526,0.5526,0.5526,0.5526,13
2012-06-25,0.5526,0.5526,0.5526,0.5526,13
2012-06-26,0.5526,0.5526,0.5526,0.5526,13
2012-06-27,0.5526,0.5526,0.5526,0.5526,13
2012-06-28,0.5526,0.5526,0.5526,0.5526,13
2012-06-29,0.5526,0.5526,0.5526,0.5526,13
2012-07-02,0.5526,0.5526,0.5526,0.5526,13
2012-07-03,0.5526,0.5526,0.47368,0.5526,1134
2012-07-04,0.5526,0.5526,0.5526,0.5526
2012-07-05,0.5526,0.6316,0.5526,0.6316,5586
2012-07-06,0.6316,0.6316,0.6316,0.6316,25
2012-07-09,0.5526,0.5526,0.47368,0.5526,196
2012-07-10,0.5526,0.5526,0.5526,0.5526,38
2012-07-11,0.5526,0.5526,0.5526,0.5526,25
2012-07-12,0.5526,0.5526,0.5526,0.5526,120
2012-07-13,0.5526,0.5526,0.5526,0.5526,25
2012-07-16,0.5526,0.5526,0.5526,0.5526,1330
2012-07-17,0.5526,0.5526,0.5526,0.5526,38
2012-07-18,0.5526,0.5526,0.5526,0.5526,25
2012-07-19,0.5526,0.5526,0.47368,0.47368,12914
2012-07-20,0.5526,0.5526,0.39474,0.5526,4136
2012-07-23,0.5526,0.5526,0.5526,0.5526,63
2012-07-24,0.5526,0.5526,0.5526,0.5526,13
2012-07-25,0.5526,0.5526,0.5526,0.5526,38
2012-07-26,0.5526,0.5526,0.5526,0.5526,25
2012-07-27,0.5526,0.5526,0.5526,0.5526,25
2012-07-30,0.5526,0.5526,0.5526,0.5526,25
2012-07-31,0.5526,0.5526,0.5526,0.5526,25
2012-08-01,0.5526,0.5526,0.47368,0.47368,925
2012-08-06,0.47368,0.5526,0.47368,0.5526,1279
2012-08-09,0.47368,0.47368,0.47368,0.47368,25
2012-08-10,0.47368,0.47368,0.47368,0.47368,38
2012-08-13,0.47368,0.47368,0.47368,0.47368,25
2012-08-14,0.47368,0.47368,0.39474,0.47368,3838
2012-08-23,0.47368,0.47368,0.47368,0.47368,38
2012-08-24,0.47368,0.47368,0.47368,0.47368,25
2012-08-27,0.47368,0.47368,0.47368,0.47368,38
2012-08-31,0.47368,0.47368,0.47368,0.47368,25
2012-09-03,0.47368,0.47368,0.47368,0.47368,38
2012-09-04,0.47368,0.47368,0.47368,0.47368,25
2012-09-05,0.47368,0.47368,0.39474,0.39474,279
2012-09-06,0.47368,0.47368,0.47368,0.47368,51
2012-09-07,0.47368,0.47368,0.47368,0.47368,25
2012-09-10,0.47368,0.47368,0.47368,0.47368,25
2012-09-11,0.47368,0.47368,0.39474,0.39474,811
2012-09-12,0.39474,0.47368,0.39474,0.47368,190
2012-09-13,0.47368,0.47368,0.47368,0.47368,25
2012-09-14,0.47368,0.47368,0.47368,0.47368,3477
2012-09-17,0.5526,0.5526,0.5526,0.5526,38
2012-09-18,0.5526,0.5526,0.5526,0.5526,63
2012-09-19,0.5526,0.5526,0.47368,0.5526,1501
2012-09-20,0.5526,0.5526,0.47368,0.47368,2647
2012-09-24,0.47368,0.47368,0.47368,0.47368,253
2012-09-25,0.5526,0.5526,0.5526,0.5526,38
2012-09-26,0.5526,0.5526,0.47368,0.47368,1558
2012-10-01,0.47368,0.47368,0.39474,0.39474,7600
2012-10-02,0.39474,0.47368,0.39474,0.47368,101
2012-10-03,0.39474,0.39474,0.39474,0.39474,462
2012-10-05,0.39474,0.39474,0.39474,0.39474,291
2012-10-12,0.39474,0.39474,0.39474,0.39474,63
2012-10-15,0.39474,0.39474,0.39474,0.39474,63
2012-10-16,0.39474,0.39474,0.39474,0.39474,678
2012-10-17,0.47368,0.47368,0.47368,0.47368,190
2012-10-19,0.47368,0.47368,0.47368,0.47368,253
2012-10-22,0.47368,0.47368,0.47368,0.47368,63
2012-10-23,0.47368,0.47368,0.47368,0.47368,38
2012-10-24,0.47368,0.47368,0.47368,0.47368,25
2012-10-26,0.39474,0.39474,0.39474,0.39474,253
2012-10-29,0.39474,0.39474,0.39474,0.39474,127
2012-10-30,0.39474,0.39474,0.39474,0.39474,32
2012-10-31,0.39474,0.39474,0.39474,0.39474,127
2012-11-02,0.39474,0.39474,0.39474,0.39474,25
2012-11-05,0.39474,0.39474,0.39474,0.39474,38
2012-11-06,0.39474,0.39474,0.39474,0.39474,25
2012-11-07,0.39474,0.39474,0.39474,0.39474,38
2012-11-08,0.39474,0.39474,0.39474,0.39474,63
2012-11-09,0.39474,0.39474,0.39474,0.39474,38
2012-11-12,0.39474,0.39474,0.31579,0.31579,3338
2012-11-13,0.31579,0.31579,0.31579,0.31579,1634
2012-11-14,0.31579,0.31579,0.31579,0.31579,89
2012-11-15,0.31579,0.31579,0.31579,0.31579,127
2012-11-16,0.31579,0.31579,0.31579,0.31579,684
2012-11-19,0.31579,0.39474,0.31579,0.39474,1007
2012-11-20,0.39474,0.39474,0.39474,0.39474,89
2012-11-21,0.39474,0.39474,0.39474,0.39474,38
2012-11-22,0.39474,0.39474,0.39474,0.39474,38
2012-11-23,0.39474,0.39474,0.39474,0.39474,2191
2012-11-26,0.39474,0.39474,0.39474,0.39474,38
2012-11-27,0.31579,0.31579,0.31579,0.31579,1267
2012-11-28,0.31579,0.31579,0.31579,0.31579,21869
2012-11-29,0.31579,0.31579,0.31579,0.31579,1146
2012-11-30,0.31579,0.31579,0.31579,0.31579,127
2012-12-03,0.31579,0.31579,0.31579,0.31579,127
2012-12-04,0.31579,0.31579,0.31579,0.31579,253
2012-12-05,0.31579,0.31579,0.31579,0.31579,127
2012-12-06,0.31579,0.31579,0.31579,0.31579,127
2012-12-07,0.31579,0.31579,0.31579,0.31579,95
2012-12-10,0.31579,0.31579,0.31579,0.31579,127
2012-12-11,0.31579,0.31579,0.31579,0.31579,38
2012-12-12,0.31579,0.31579,0.31579,0.31579,63
2012-12-13,0.31579,0.31579,0.31579,0.31579,38
2012-12-14,0.31579,0.31579,0.31579,0.31579,127
2012-12-17,0.31579,0.31579,0.31579,0.31579,127
2012-12-18,0.31579,0.31579,0.31579,0.31579,253
2012-12-20,0.31579,0.31579,0.31579,0.31579,633
2012-12-27,0.31579,0.31579,0.31579,0.31579,697
2012-12-28,0.31579,0.31579,0.31579,0.31579,127
2013-01-02,0.31579,0.39474,0.31579,0.39474,152
2013-01-03,0.39474,0.39474,0.39474,0.39474,127
2013-01-04,0.39474,0.39474,0.39474,0.39474,63
2013-01-07,0.39474,0.39474,0.39474,0.39474,51
2013-01-08,0.39474,0.39474,0.39474,0.39474,38
2013-01-09,0.39474,0.39474,0.39474,0.39474,63
2013-01-10,0.39474,0.39474,0.39474,0.39474,38
2013-01-11,0.39474,0.39474,0.39474,0.39474,38
2013-01-14,0.39474,0.39474,0.39474,0.39474,25
2013-01-15,0.39474,0.39474,0.39474,0.39474,38
2013-01-16,0.39474,0.39474,0.39474,0.39474,38
2013-01-17,0.39474,0.39474,0.31579,0.31579,5618
2013-01-18,0.39474,0.39474,0.39474,0.39474,152
2013-01-21,0.39474,0.39474,0.39474,0.39474,38
2013-01-22,0.39474,0.39474,0.39474,0.39474,51
2013-01-23,0.39474,0.39474,0.39474,0.39474,63
2013-01-24,0.39474,0.39474,0.39474,0.39474,1305
2013-01-25,0.39474,0.39474,0.39474,0.39474,38
2013-01-28,0.39474,0.39474,0.39474,0.39474,38
2013-01-29,0.39474,0.39474,0.39474,0.39474,38
2013-01-30,0.39474,0.39474,0.39474,0.39474,38
2013-01-31,0.39474,0.39474,0.39474,0.39474,63
2013-02-01,0.39474,0.39474,0.39474,0.39474,38
2013-02-04,0.39474,0.39474,0.39474,0.39474,38
2013-02-05,0.39474,0.39474,0.39474,0.39474,13
2013-02-06,0.39474,0.39474,0.39474,0.39474,38
2013-02-07,0.39474,0.39474,0.39474,0.39474,38
2013-02-08,0.31579,0.31579,0.31579,0.31579,2027
2013-02-12,0.31579,0.31579,0.31579,0.31579,253
2013-02-13,0.31579,0.31579,0.31579,0.31579,253
2013-02-14,0.31579,0.31579,0.31579,0.31579,380
2013-02-15,0.31579,0.31579,0.31579,0.31579,253
2013-02-19,0.39474,0.39474,0.39474,0.39474,633
2013-02-20,0.31579,0.31579,0.31579,0.31579,4098
2013-02-21,0.31579,0.31579,0.31579,0.31579,190
2013-02-25,0.31579,0.31579,0.31579,0.31579,22420
2013-02-26,0.31579,0.31579,0.31579,0.31579,127
2013-02-27,0.39474,0.39474,0.39474,0.39474,253
2013-02-28,0.39474,0.39474,0.39474,0.39474,63
2013-03-01,0.39474,0.39474,0.39474,0.39474,38
2013-03-04,0.39474,0.39474,0.39474,0.39474,63
2013-03-05,0.39474,0.39474,0.39474,0.39474,646
2013-03-06,0.39474,0.39474,0.39474,0.39474,785
2013-03-07,0.39474,0.39474,0.39474,0.39474,63
2013-03-08,0.39474,0.39474,0.39474,0.39474,63
2013-03-11,0.39474,0.39474,0.39474,0.39474,63
2013-03-12,0.39474,0.39474,0.39474,0.39474,63
2013-03-13,0.39474,0.39474,0.39474,0.39474,38
2013-03-14,0.39474,0.39474,0.31579,0.31579,24288
2013-03-15,0.31579,0.39474,0.31579,0.39474,76
2013-03-18,0.39474,0.39474,0.39474,0.39474,63
2013-03-19,0.39474,0.39474,0.39474,0.39474,38
2013-03-20,0.31579,0.31579,0.31579,0.31579,9627
2013-03-21,0.31579,0.31579,0.31579,0.31579,29121
2013-03-22,0.31579,0.31579,0.31579,0.31579,51
2013-03-25,0.31579,0.31579,0.31579,0.31579,2483
2013-03-28,0.39474,0.39474,0.39474,0.39474,253
2013-04-02,0.39474,0.39474,0.39474,0.39474,32
2013-04-03,0.39474,0.39474,0.39474,0.39474,19
2013-04-04,0.39474,0.39474,0.39474,0.39474,158
2013-04-05,0.39474,0.39474,0.31579,0.31579,139
2013-04-09,0.31579,0.31579,0.31579,0.31579,38
2013-04-10,0.31579,0.31579,0.31579,0.31579,38
2013-04-12,0.31579,0.31579,0.31579,0.31579,38
2013-05-06,0.31579,0.31579,0.31579,0.31579
2013-05-07,0.31579,0.31579,0.31579,0.31579
2013-05-08,0.31579,0.31579,0.31579,0.31579
2013-05-09,0.31579,0.31579,0.31579,0.31579
2013-05-10,0.31579,0.31579,0.31579,0.31579
2013-05-13,0.31579,0.31579,0.31579,0.31579
2013-05-14,0.31579,0.31579,0.31579,0.31579
2013-05-16,0.31579,0.31579,0.31579,0.31579
2013-05-17,0.31579,0.31579,0.31579,0.31579
2013-05-20,0.31579,0.31579,0.31579,0.31579
2013-05-21,0.31579,0.31579,0.31579,0.31579
2013-05-22,0.31579,0.31579,0.31579,0.31579
2013-05-23,0.31579,0.31579,0.31579,0.31579
2013-05-24,0.31579,0.31579,0.31579,0.31579
2013-05-27,0.31579,0.31579,0.31579,0.31579
2013-05-28,0.31579,0.31579,0.31579,0.31579
2013-05-29,0.31579,0.31579,0.31579,0.31579
2013-05-31,0.31579,0.31579,0.31579,0.31579
2013-06-03,0.31579,0.31579,0.31579,0.31579
2013-06-04,0.31579,0.31579,0.31579,0.31579
2013-06-05,0.31579,0.31579,0.31579,0.31579
2013-06-06,0.31579,0.31579,0.31579,0.31579
2013-06-07,0.31579,0.31579,0.31579,0.31579
2013-06-10,0.31579,0.31579,0.23684,0.23684
2013-06-11,0.23684,0.31579,0.23684,0.31579
2013-06-12,0.31579,0.31579,0.31579,0.31579
2013-06-13,0.31579,0.31579,0.31579,0.31579
2013-06-14,0.31579,0.31579,0.31579,0.31579
2013-06-17,0.31579,0.31579,0.31579,0.31579
2013-06-18,0.31579,0.31579,0.31579,0.31579
2013-06-19,0.31579,0.31579,0.31579,0.31579
2013-06-20,0.23684,0.23684,0.23684,0.23684
2013-06-21,0.31579,0.31579,0.31579,0.31579
2013-06-24,0.31579,0.31579,0.31579,0.31579
2013-06-25,0.31579,0.31579,0.31579,0.31579
2013-06-26,0.31579,0.31579,0.31579,0.31579
2013-06-27,0.31579,0.31579,0.31579,0.31579
2013-06-28,0.31579,0.31579,0.31579,0.31579
2013-07-01,0.31579,0.31579,0.31579,0.31579
2013-07-02,0.31579,0.31579,0.31579,0.31579
2013-07-03,0.31579,0.31579,0.31579,0.31579
2013-07-04,0.31579,0.31579,0.31579,0.31579
2013-07-05,0.31579,0.31579,0.31579,0.31579
2013-07-08,0.31579,0.31579,0.31579,0.31579
2013-07-09,0.31579,0.31579,0.31579,0.31579
2013-07-10,0.31579,0.31579,0.31579,0.31579
2013-07-11,0.31579,0.31579,0.31579,0.31579
2013-07-12,0.31579,0.31579,0.31579,0.31579
2013-07-15,0.23684,0.31579,0.23684,0.31579
2013-07-16,0.31579,0.31579,0.31579,0.31579
2013-07-17,0.31579,0.31579,0.31579,0.31579
2013-07-18,0.31579,0.31579,0.31579,0.31579
2013-07-19,0.31579,0.31579,0.31579,0.31579
2013-07-22,0.31579,0.31579,0.31579,0.31579
2013-07-23,0.31579,0.31579,0.31579,0.31579
2013-07-24,0.31579,0.31579,0.31579,0.31579
2013-07-25,0.31579,0.31579,0.31579,0.31579
2013-07-26,0.31579,0.31579,0.31579,0.31579
2013-07-29,0.31579,0.31579,0.31579,0.31579
2013-07-30,0.31579,0.31579,0.31579,0.31579
2013-07-31,0.31579,0.31579,0.31579,0.31579
2013-08-01,0.31579,0.31579,0.31579,0.31579
2013-08-02,0.31579,0.31579,0.31579,0.31579
2013-08-05,0.31579,0.31579,0.31579,0.31579
2013-08-06,0.31579,0.31579,0.31579,0.31579
2013-08-07,0.31579,0.31579,0.31579,0.31579
2013-08-08,0.31579,0.31579,0.31579,0.31579
2013-08-09,0.31579,0.31579,0.31579,0.31579
2013-08-12,0.31579,0.31579,0.31579,0.31579
2013-08-13,0.31579,0.31579,0.31579,0.31579
2013-08-14,0.31579,0.31579,0.31579,0.31579
2013-08-16,0.31579,0.31579,0.31579,0.31579
2013-08-19,0.31579,0.31579,0.31579,0.31579
2013-08-20,0.31579,0.31579,0.31579,0.31579
2013-08-21,0.23684,0.23684,0.23684,0.23684
2013-08-22,0.31579,0.31579,0.31579,0.31579
2013-08-26,0.31579,0.31579,0.31579,0.31579
2013-08-27,0.31579,0.31579,0.31579,0.31579
2013-08-28,0.31579,0.31579,0.31579,0.31579
2013-08-29,0.31579,0.31579,0.31579,0.31579
2013-08-30,0.31579,0.31579,0.31579,0.31579
2013-09-02,0.31579,0.31579,0.31579,0.31579
2013-09-03,0.31579,0.31579,0.31579,0.31579
2013-09-04,0.31579,0.31579,0.31579,0.31579
2013-09-05,0.31579,0.31579,0.31579,0.31579
2013-09-06,0.31579,0.31579,0.31579,0.31579
2013-09-09,0.31579,0.31579,0.31579,0.31579
2013-09-10,0.31579,0.31579,0.31579,0.31579
2013-09-11,0.31579,0.31579,0.31579,0.31579
2013-09-12,0.31579,0.31579,0.31579,0.31579
2013-09-13,0.31579,0.31579,0.31579,0.31579
2013-09-16,0.31579,0.31579,0.31579,0.31579
2013-09-17,0.31579,0.31579,0.31579,0.31579
2013-09-18,0.31579,0.31579,0.31579,0.31579
2013-09-19,0.31579,0.31579,0.31579,0.31579
2013-09-20,0.31579,0.31579,0.31579,0.31579
2013-09-23,0.31579,0.31579,0.31579,0.31579
2013-09-24,0.31579,0.31579,0.31579,0.31579
2013-09-25,0.31579,0.31579,0.31579,0.31579
2013-09-27,0.31579,0.31579,0.31579,0.31579
2013-09-30,0.31579,0.31579,0.31579,0.31579
2013-10-01,0.31579,0.31579,0.31579,0.31579
2013-10-02,0.31579,0.31579,0.31579,0.31579
2013-10-03,0.31579,0.31579,0.31579,0.31579
2013-10-04,0.31579,0.31579,0.31579,0.31579
2013-10-07,0.31579,0.31579,0.31579,0.31579
2013-10-08,0.31579,0.31579,0.31579,0.31579
2013-10-09,0.31579,0.31579,0.31579,0.31579
2013-10-10,0.31579,0.31579,0.31579,0.31579
2013-10-11,0.31579,0.31579,0.31579,0.31579
2013-10-14,0.31579,0.31579,0.31579,0.31579
2013-10-15,0.31579,0.31579,0.31579,0.31579
2013-10-16,0.31579,0.31579,0.31579,0.31579
2013-10-17,0.31579,0.31579,0.31579,0.31579
2013-10-18,0.31579,0.31579,0.31579,0.31579
2013-10-21,0.31579,0.31579,0.31579,0.31579
2013-10-22,0.31579,0.31579,0.31579,0.31579
2013-10-23,0.31579,0.31579,0.31579,0.31579
2013-10-24,0.31579,0.31579,0.31579,0.31579
2013-10-25,0.31579,0.31579,0.23684,0.23684
2013-10-28,0.23684,0.23684,0.23684,0.23684
2013-10-29,0.23684,0.23684,0.23684,0.23684
2013-10-30,0.23684,0.23684,0.23684,0.23684
2013-10-31,0.23684,0.23684,0.15789,0.15789
2013-11-04,0.15789,0.15789,0.15789,0.15789
2013-11-06,0.15789,0.15789,0.15789,0.15789
2013-11-07,0.07895,0.07895,0.07895,0.07895
2013-11-08,0.15789,0.15789,0.15789,0.15789
2013-11-13,0.15789,0.15789,0.15789,0.15789
2013-11-14,0.15789,0.15789,0.15789,0.15789
2013-11-15,0.15789,0.15789,0.15789,0.15789
2013-11-18,0.23684,0.23684,0.23684,0.23684
2013-11-19,0.23684,0.23684,0.15789,0.15789
2013-11-20,0.15789,0.15789,0.15789,0.15789
2013-11-21,0.15789,0.15789,0.15789,0.15789
2013-11-22,0.15789,0.15789,0.15789,0.15789
2013-11-25,0.15789,0.15789,0.07895,0.07895
2013-11-26,0.15789,0.15789,0.07895,0.07895
2013-11-27,0.07895,0.07895,0.07895,0.07895
2013-11-28,0.15789,0.15789,0.15789,0.15789
2013-12-02,0.15789,0.15789,0.15789,0.15789
2013-12-03,0.15789,0.15789,0.15789,0.15789
2013-12-04,0.07895,0.15789,0.07895,0.15789
2013-12-05,0.07895,0.07895,0.07895,0.07895
2013-12-06,0.15789,0.15789,0.15789,0.15789
2013-12-09,0.15789,0.23684,0.15789,0.23684
2013-12-10,0.15789,0.23684,0.15789,0.23684
2013-12-11,0.23684,0.23684,0.23684,0.23684
2013-12-12,0.23684,0.23684,0.23684,0.23684
2013-12-13,0.15789,0.23684,0.15789,0.23684
2013-12-16,0.15789,0.15789,0.15789,0.15789
2013-12-17,0.15789,0.23684,0.15789,0.23684
2013-12-18,0.23684,0.23684,0.23684,0.23684
2013-12-19,0.23684,0.23684,0.23684,0.23684
2013-12-20,0.23684,0.23684,0.23684,0.23684
2013-12-23,0.23684,0.23684,0.23684,0.23684
2013-12-27,0.23684,0.23684,0.23684,0.23684
2013-12-30,0.23684,0.23684,0.23684,0.23684
2014-01-02,0.23684,0.23684,0.15789,0.15789
2014-01-03,0.23684,0.23684,0.23684,0.23684
2014-01-07,0.15789,0.15789,0.15789,0.15789
2014-01-08,0.15789,0.15789,0.15789,0.15789
2014-01-14,0.23684,0.23684,0.23684,0.23684
2014-01-15,0.23684,0.23684,0.23684,0.23684
2014-01-16,0.23684,0.23684,0.23684,0.23684
2014-01-17,0.23684,0.23684,0.15789,0.15789
2014-01-20,0.23684,0.23684,0.23684,0.23684
2014-01-21,0.23684,0.23684,0.23684,0.23684
2014-01-22,0.23684,0.23684,0.23684,0.23684
2014-01-23,0.23684,0.23684,0.23684,0.23684
2014-01-24,0.23684,0.23684,0.23684,0.23684
2014-01-27,0.23684,0.23684,0.23684,0.23684
2014-01-28,0.15789,0.15789,0.15789,0.15789
2014-01-29,0.15789,0.15789,0.15789,0.15789
2014-01-31,0.23684,0.23684,0.23684,0.23684
2014-02-03,0.23684,0.23684,0.23684,0.23684
2014-02-04,0.23684,0.23684,0.15789,0.15789
2014-02-05,0.15789,0.15789,0.15789,0.15789
2014-02-06,0.23684,0.23684,0.15789,0.15789
2014-02-07,0.15789,0.15789,0.15789,0.15789
2014-02-10,0.23684,0.23684,0.23684,0.23684
2014-02-11,0.23684,0.23684,0.23684,0.23684
2014-02-12,0.23684,0.23684,0.23684,0.23684
2014-02-13,0.15789,0.15789,0.15789,0.15789,1108
2014-02-14,0.15789,0.15789,0.15789,0.15789
2014-02-17,0.23684,0.31579,0.23684,0.31579,6
2014-02-18,0.31579,0.31579,0.31579,0.31579
2014-02-19,0.31579,0.31579,0.23684,0.23684
2014-02-20,0.23684,0.23684,0.23684,0.23684
2014-02-21,0.23684,0.23684,0.23684,0.23684
2014-02-24,0.23684,0.23684,0.23684,0.23684
2014-02-25,0.23684,0.23684,0.23684,0.23684
2014-02-26,0.15789,0.23684,0.15789,0.23684
2014-02-27,0.23684,0.23684,0.23684,0.23684
2014-02-28,0.23684,0.23684,0.23684,0.23684
2014-03-03,0.23684,0.23684,0.23684,0.23684
2014-03-04,0.15789,0.23684,0.15789,0.23684
2014-03-05,0.23684,0.23684,0.23684,0.23684
2014-03-06,0.23684,0.23684,0.23684,0.23684
2014-03-07,0.23684,0.23684,0.23684,0.23684
2014-03-10,0.23684,0.23684,0.23684,0.23684
2014-03-11,0.23684,0.23684,0.15789,0.15789
2014-03-12,0.23684,0.23684,0.23684,0.23684
2014-03-13,0.23684,0.23684,0.23684,0.23684
2014-03-14,0.15789,0.15789,0.15789,0.15789
2014-03-17,0.23684,0.23684,0.15789,0.15789
2014-03-18,0.23684,0.23684,0.23684,0.23684
2014-03-19,0.23684,0.23684,0.23684,0.23684
2014-03-20,0.23684,0.23684,0.23684,0.23684
2014-03-21,0.15789,0.23684,0.15789,0.23684
2014-03-24,0.23684,0.23684,0.23684,0.23684
2014-03-25,0.23684,0.23684,0.23684,0.23684
2014-03-26,0.23684,0.23684,0.23684,0.23684
2014-03-27,0.23684,0.23684,0.23684,0.23684
2014-03-28,0.23684,0.23684,0.23684,0.23684
2014-03-31,0.23684,0.23684,0.23684,0.23684
2014-04-01,0.15789,0.15789,0.15789,0.15789
2014-04-02,0.15789,0.15789,0.15789,0.15789
2014-04-03,0.23684,0.23684,0.23684,0.23684
2014-04-04,0.23684,0.23684,0.23684,0.23684
2014-04-07,0.23684,0.23684,0.23684,0.23684
2014-04-08,0.23684,0.23684,0.23684,0.23684
2014-04-09,0.15789,0.23684,0.15789,0.23684
2014-04-10,0.23684,0.23684,0.23684,0.23684
2014-04-11,0.23684,0.23684,0.23684,0.23684
2014-04-14,0.23684,0.23684,0.23684,0.23684
2014-04-15,0.23684,0.23684,0.23684,0.23684
2014-04-16,0.23684,0.23684,0.23684,0.23684
2014-04-17,0.23684,0.23684,0.23684,0.23684
2014-04-22,0.23684,0.23684,0.23684,0.23684
2014-04-23,0.23684,0.23684,0.23684,0.23684
2014-04-24,0.23684,0.23684,0.23684,0.23684
2014-04-25,0.23684,0.23684,0.23684,0.23684
2014-04-28,0.23684,0.23684,0.23684,0.23684
2014-04-29,0.23684,0.23684,0.23684,0.23684
2014-04-30,0.23684,0.23684,0.23684,0.23684
2014-05-02,0.23684,0.23684,0.23684,0.23684
2014-05-05,0.23684,0.23684,0.23684,0.23684,38
2014-05-06,0.23684,0.23684,0.15789,0.15789,3255
2014-05-07,0.15789,0.15789,0.15789,0.15789,2533
2014-05-08,0.15789,0.23684,0.15789,0.23684,114
2014-05-09,0.23684,0.23684,0.23684,0.23684,51
2014-05-12,0.23684,0.23684,0.23684,0.23684,51
2014-05-13,0.23684,0.23684,0.23684,0.23684,51
2014-05-14,0.15789,0.15789,0.15789,0.15789,38
2014-05-15,0.23684,0.23684,0.23684,0.23684,63
2014-05-16,0.23684,0.23684,0.23684,0.23684,230014
2014-05-19,0.31579,0.31579,0.23684,0.23684,25865
2014-05-20,0.31579,0.31579,0.31579,0.31579,25
2014-05-21,0.31579,0.31579,0.23684,0.23684,10019
2014-05-22,0.31579,0.31579,0.31579,0.31579,1336
2014-05-23,0.31579,0.31579,0.31579,0.31579,4326
2014-05-26,0.31579,0.31579,0.31579,0.31579,38
2014-05-27,0.31579,0.31579,0.23684,0.23684,671
2014-05-28,0.23684,0.23684,0.23684,0.23684,56126
2014-05-29,0.23684,0.23684,0.23684,0.23684,22167
2014-05-30,0.23684,0.23684,0.23684,0.23684,13
2014-06-02,0.23684,0.23684,0.23684,0.23684,2533
2014-06-04,0.23684,0.23684,0.23684,0.23684,253
2014-06-05,0.23684,0.23684,0.23684,0.23684,76
2014-06-06,0.23684,0.23684,0.23684,0.23684,32
2014-06-09,0.23684,0.23684,0.23684,0.23684,32
2014-06-10,0.23684,0.23684,0.23684,0.23684,32
2014-06-12,0.23684,0.23684,0.23684,0.23684,32
2014-06-13,0.23684,0.23684,0.23684,0.23684,32
2014-06-16,0.23684,0.23684,0.23684,0.23684,51
2014-06-17,0.23684,0.23684,0.23684,0.23684,51
2014-06-18,0.23684,0.23684,0.23684,0.23684,5117
2014-06-20,0.23684,0.23684,0.23684,0.23684,38
2014-06-23,0.23684,0.23684,0.23684,0.23684,70
2014-06-24,0.23684,0.23684,0.23684,0.23684,11520
2014-06-25,0.23684,0.23684,0.23684,0.23684,3863
2014-06-26,0.23684,0.23684,0.23684,0.23684,51
2014-06-27,0.23684,0.23684,0.23684,0.23684,3211
2014-06-30,0.23684,0.23684,0.23684,0.23684,25
2014-07-01,0.23684,0.23684,0.23684,0.23684,38
2014-07-30,0.15789,0.15789,0.15789,0.15789,100649
2014-07-31,0.15789,0.15789,0.15789,0.15789,33446
2014-08-01,0.15789,0.23684,0.15789,0.23684,39051
2014-08-04,0.23684,0.23684,0.23684,0.23684,253
2014-08-05,0.23684,0.23684,0.23684,0.23684,111353
2014-08-06,0.31579,0.31579,0.31579,0.31579,29919
2014-08-07,0.31579,0.31579,0.31579,0.31579,140195
2014-08-08,0.31579,0.31579,0.31579,0.31579,48836
2014-08-11,0.31579,0.31579,0.23684,0.23684,18436
2014-08-12,0.31579,0.31579,0.31579,0.31579,21033
2014-08-13,0.31579,0.31579,0.31579,0.31579,38
2014-08-14,0.31579,0.31579,0.31579,0.31579,1305
2014-08-18,0.31579,0.31579,0.31579,0.31579,10387
2014-08-19,0.31579,0.31579,0.31579,0.31579,38
2014-08-20,0.31579,0.31579,0.23684,0.23684,3851
2014-08-21,0.23684,0.23684,0.23684,0.23684,8867
2014-08-22,0.23684,0.23684,0.23684,0.23684,16568
2014-08-25,0.23684,0.23684,0.23684,0.23684,62694
2014-08-26,0.23684,0.23684,0.23684,0.23684,3521
2014-08-27,0.23684,0.23684,0.23684,0.23684,51
2014-08-28,0.23684,0.23684,0.23684,0.23684,38
2014-08-29,0.15789,0.23684,0.15789,0.23684,135622
2014-09-01,0.23684,0.23684,0.23684,0.23684,671
2014-09-02,0.23684,0.23684,0.23684,0.23684,51
2014-09-03,0.23684,0.23684,0.23684,0.23684,2647
2014-09-04,0.23684,0.23684,0.23684,0.23684,51
2014-09-05,0.23684,0.23684,0.23684,0.23684,8917
2014-09-08,0.23684,0.23684,0.23684,0.23684,14123
2014-09-09,0.23684,0.23684,0.23684,0.23684,1317
2014-09-10,0.23684,0.23684,0.23684,0.23684,1526
2014-09-11,0.23684,0.31579,0.23684,0.31579,9418
2014-09-12,0.31579,0.31579,0.31579,0.31579,51
2014-09-15,0.31579,0.31579,0.23684,0.23684,20330
2014-09-16,0.31579,0.31579,0.31579,0.31579,63
2014-09-18,0.23684,0.31579,0.23684,0.31579,12692
2014-09-19,0.31579,0.31579,0.31579,0.31579,38
2014-09-22,0.31579,0.31579,0.31579,0.31579,51
2014-09-23,0.31579,0.31579,0.31579,0.31579,13
2014-09-24,0.31579,0.31579,0.31579,0.31579,51
2014-09-25,0.31579,0.31579,0.31579,0.31579,38
2014-09-26,0.31579,0.31579,0.31579,0.31579,2901
2014-09-29,0.31579,0.39474,0.31579,0.39474,87932
2014-09-30,0.39474,0.39474,0.39474,0.39474,10684
2014-10-01,0.39474,0.39474,0.39474,0.39474,25
2014-10-02,0.31579,0.31579,0.31579,0.31579,3604
2014-10-03,0.31579,0.31579,0.31579,0.31579,1393
2014-10-06,0.31579,0.31579,0.23684,0.23684,22965
2014-10-07,0.23684,0.23684,0.23684,0.23684,4712
2014-10-08,0.23684,0.23684,0.23684,0.23684,6143
2014-10-09,0.23684,0.23684,0.23684,0.23684,1843
2014-10-10,0.23684,0.31579,0.23684,0.31579,6979
2014-10-13,0.31579,0.31579,0.31579,0.31579,25
2014-10-14,0.31579,0.31579,0.23684,0.23684,21426
2014-10-15,0.31579,0.31579,0.31579,0.31579,1742
2014-10-16,0.31579,0.31579,0.31579,0.31579,342
2014-10-17,0.23684,0.23684,0.23684,0.23684,45385
2014-10-20,0.23684,0.23684,0.23684,0.23684,2825
2014-10-21,0.23684,0.23684,0.23684,0.23684,27620
2014-10-22,0.23684,0.31579,0.23684,0.31579,89883
2014-10-23,0.31579,0.31579,0.23684,0.23684,31667
2014-10-24,0.23684,0.23684,0.23684,0.23684,18747
2014-10-27,0.31579,0.31579,0.31579,0.31579,32
2014-10-28,0.23684,0.23684,0.23684,0.23684,8867
2014-10-29,0.23684,0.23684,0.23684,0.23684,3800
2014-10-30,0.23684,0.23684,0.23684,0.23684,1267
2014-10-31,0.23684,0.23684,0.23684,0.23684,7347
2014-11-03,0.23684,0.23684,0.23684,0.23684,4091
2014-11-04,0.23684,0.23684,0.23684,0.23684,38
2014-11-05,0.23684,0.23684,0.23684,0.23684,424
2014-11-06,0.23684,0.23684,0.23684,0.23684,684
2014-11-07,0.15789,0.15789,0.15789,0.15789,125020
2014-11-10,0.23684,0.23684,0.23684,0.23684,1013
2014-11-12,0.23684,0.23684,0.23684,0.23684,44
2014-11-13,0.23684,0.23684,0.15789,0.15789,129707
2014-11-17,0.23684,0.23684,0.23684,0.23684,14706
2014-11-18,0.23684,0.23684,0.23684,0.23684,880
2014-11-19,0.23684,0.23684,0.23684,0.23684,38
2014-11-20,0.23684,0.23684,0.23684,0.23684,108
2014-11-21,0.23684,0.23684,0.23684,0.23684,38
2014-11-24,0.15789,0.15789,0.15789,0.15789,219469
2014-11-25,0.15789,0.23684,0.15789,0.23684,12572
2014-11-27,0.23684,0.23684,0.23684,0.23684,38
2014-11-28,0.23684,0.23684,0.23684,0.23684,38
2014-12-01,0.23684,0.23684,0.23684,0.23684,38
2014-12-02,0.23684,0.23684,0.23684,0.23684,165
2014-12-03,0.23684,0.23684,0.23684,0.23684,25
2014-12-04,0.15789,0.15789,0.15789,0.15789,52579
2014-12-05,0.23684,0.23684,0.23684,0.23684,8734
2014-12-08,0.23684,0.23684,0.23684,0.23684,51
2014-12-09,0.15789,0.23684,0.15789,0.23684,46107
2014-12-10,0.15789,0.15789,0.15789,0.15789,11685
2014-12-11,0.15789,0.15789,0.15789,0.15789,3236
2014-12-12,0.15789,0.15789,0.15789,0.15789,15396
2014-12-15,0.23684,0.23684,0.23684,0.23684,65265
2014-12-16,0.23684,0.23684,0.23684,0.23684,1900
2014-12-17,0.15789,0.15789,0.15789,0.15789,84632
2014-12-18,0.15789,0.15789,0.15789,0.15789,28500
2014-12-19,0.15789,0.23684,0.15789,0.23684,3179
2014-12-22,0.15789,0.15789,0.15789,0.15789,6333
2014-12-23,0.23684,0.23684,0.23684,0.23684,13
2014-12-29,0.23684,0.23684,0.15789,0.15789,1279
2014-12-30,0.23684,0.23684,0.23684,0.23684,32
2015-01-02,0.23684,0.23684,0.15789,0.15789,12445
2015-01-05,0.15789,0.23684,0.15789,0.15789,20805
2015-01-07,0.15789,0.15789,0.15789,0.15789,15358
2015-01-08,0.15789,0.23684,0.15789,0.15789,2913
2015-01-09,0.15789,0.15789,0.15789,0.15789,34441
2015-01-12,0.15789,0.15789,0.07895,0.15789,9950
2015-01-13,0.15789,0.15789,0.15789,0.15789,12692
2015-01-14,0.15789,0.15789,0.15789,0.15789,38
2015-01-15,0.15789,0.15789,0.15789,0.15789,84841
2015-01-16,0.15789,0.23684,0.15789,0.15789,9057
2015-01-19,0.15789,0.15789,0.15789,0.15789,38
2015-01-20,0.15789,0.15789,0.15789,0.15789,5086
2015-01-21,0.15789,0.15789,0.15789,0.15789,38
2015-01-22,0.15789,0.15789,0.15789,0.15789,19
2015-01-23,0.15789,0.15789,0.15789,0.15789,13
2015-01-26,0.15789,0.15789,0.15789,0.15789,38
2015-01-27,0.15789,0.15789,0.15789,0.15789,317
2015-01-28,0.15789,0.15789,0.07895,0.15789,38323
2015-01-29,0.15789,0.15789,0.15789,0.15789,38
2015-01-30,0.15789,0.15789,0.15789,0.15789,38
2015-02-02,0.15789,0.15789,0.15789,0.15789,28703
2015-02-03,0.15789,0.15789,0.15789,0.15789,38
2015-02-04,0.15789,0.23684,0.15789,0.15789,32756
2015-02-05,0.15789,0.23684,0.15789,0.15789,16492
2015-02-06,0.15789,0.31579,0.15789,0.15789,578170
2015-02-09,0.23684,0.23684,0.15789,0.23684,44960
2015-02-10,0.23684,0.23684,0.15789,0.15789,112740
2015-02-11,0.15789,0.23684,0.15789,0.23684,13287
2015-02-12,0.15789,0.15789,0.15789,0.15789,34314
2015-02-13,0.15789,0.15789,0.15789,0.15789,19
2015-02-16,0.15789,0.15789,0.15789,0.15789,9057
2015-02-17,0.15789,0.23684,0.15789,0.23684,2863
2015-02-18,0.23684,0.23684,0.23684,0.23684,51
2015-02-19,0.23684,0.23684,0.23684,0.23684,735
2015-02-20,0.23684,0.23684,0.15789,0.15789,2172
2015-02-23,0.15789,0.15789,0.15789,0.15789,38507
2015-02-24,0.15789,0.15789,0.15789,0.15789,9405
2015-02-25,0.15789,0.23684,0.15789,0.23684,1343
2015-02-26,0.23684,0.23684,0.23684,0.23684,63
2015-02-27,0.23684,0.23684,0.15789,0.15789,10235
2015-03-02,0.15789,0.23684,0.15789,0.23684,310
2015-03-03,0.23684,0.23684,0.23684,0.23684,25
2015-03-04,0.23684,0.23684,0.15789,0.15789,18943
2015-03-05,0.15789,0.15789,0.15789,0.15789,10045
2015-03-06,0.15789,0.15789,0.15789,0.15789,1267
2015-03-09,0.15789,0.15789,0.15789,0.15789,7600
2015-03-10,0.15789,0.15789,0.15789,0.15789,8233
2015-03-11,0.15789,0.15789,0.15789,0.15789,3800
2015-03-12,0.15789,0.15789,0.15789,0.15789,7771
2015-03-16,0.23684,0.23684,0.23684,0.23684,89
2015-03-18,0.15789,0.31579,0.15789,0.31579,417772
2015-03-19,0.31579,0.39474,0.23684,0.31579,588075
2015-03-20,0.23684,0.23684,0.23684,0.23684,33624
2015-03-23,0.23684,0.23684,0.15789,0.23684,13053
2015-03-24,0.23684,0.23684,0.23684,0.23684,2039
2015-03-25,0.23684,0.23684,0.23684,0.23684,13047
2015-03-26,0.23684,0.23684,0.23684,0.23684,13509
2015-03-27,0.15789,0.23684,0.15789,0.23684,671
2015-03-31,0.15789,0.23684,0.15789,0.23684,27100
2015-04-01,0.23684,0.23684,0.23684,0.23684,4269
2015-04-02,0.15789,0.23684,0.15789,0.23684,595
2015-04-08,0.15789,0.15789,0.15789,0.15789,12749
2015-04-09,0.23684,0.23684,0.23684,0.23684,13
2015-04-10,0.15789,0.23684,0.15789,0.23684,3420
2015-04-14,0.15789,0.15789,0.15789,0.15789,45112
2015-04-15,0.15789,0.23684,0.15789,0.23684,186827
2015-04-16,0.15789,0.15789,0.15789,0.15789,6333
2015-04-17,0.23684,0.23684,0.23684,0.23684,127
2015-04-20,0.23684,0.23684,0.23684,0.23684,13
2015-04-21,0.15789,0.15789,0.15789,0.15789,7201
2015-04-23,0.15789,0.23684,0.15789,0.23684,5345
2015-04-24,0.15789,0.15789,0.15789,0.15789,10798
2015-04-27,0.15789,0.15789,0.15789,0.15789,11115
2015-04-28,0.23684,0.23684,0.23684,0.23684,13
2015-04-29,0.15789,0.15789,0.15789,0.15789,1647
2015-04-30,0.15789,0.15789,0.15789,0.15789,6333
2015-05-04,0.15789,0.15789,0.15789,0.15789,6302
2015-05-05,0.15789,0.15789,0.15789,0.15789,12667
2015-05-06,0.23684,0.23684,0.23684,0.23684,89
2015-05-07,0.15789,0.15789,0.15789,0.15789,22040
2015-05-08,0.23684,0.23684,0.23684,0.23684,127
2015-05-13,0.15789,0.15789,0.15789,0.15789,11001
2015-05-14,0.23684,0.23684,0.23684,0.23684,424
2015-05-15,0.15789,0.15789,0.15789,0.15789,6916
2015-05-18,0.23684,0.23684,0.23684,0.23684,38
2015-07-23,0.15789,0.15789,0.15789,0.15789,8107
2015-07-27,0.15789,0.15789,0.15789,0.15789,26486
2015-07-28,0.15789,0.15789,0.15789,0.15789,7207
2015-07-29,0.15789,0.15789,0.15789,0.15789,2578
2015-07-30,0.15789,0.15789,0.15789,0.15789,61687
2015-08-04,0.15789,0.15789,0.15789,0.15789,12667
2015-08-05,0.15789,0.15789,0.15789,0.15789,14852
2015-08-06,0.15789,0.15789,0.15789,0.15789,127
2015-08-17,0.15789,0.15789,0.15789,0.15789,6036
2015-08-20,0.07895,0.07895,0.07895,0.07895,38000
2015-08-21,0.15789,0.15789,0.15789,0.15789,13
2015-09-01,0.07895,0.15789,0.07895,0.15789,14744
2015-09-02,0.07895,0.15789,0.07895,0.15789,1773
2015-09-08,0.07895,0.15789,0.07895,0.15789,45549
2015-09-23,0.07895,0.07895,0.07895,0.07895,25333
2015-09-24,0.07895,0.07895,0.07895,0.07895,19165
2015-09-25,0.07895,0.07895,0.07895,0.07895,1159
2015-09-29,0.07895,0.07895,0.07895,0.07895,1951
2015-10-08,0.07895,0.07895,0.07895,0.07895,19
2015-10-13,0.07895,0.07895,0.07895,0.07895,12667
2015-10-14,0.07895,0.07895,0.07895,0.07895,25
2015-11-02,0.07895,0.07895,0.07895,0.07895,1520
2015-11-06,0.07895,0.07895,0.07895,0.07895,5890
2015-11-10,0.07895,0.07895,0.07895,0.07895,127
2015-11-16,0.07895,0.07895,0.07895,0.07895,1400
2015-11-20,0.07895,0.07895,0.07895,0.07895,1267
2015-11-30,0.07895,0.07895,0.07895,0.07895,633
2015-12-14,0.07895,0.07895,0.07895,0.07895,127
2016-01-04,0.07895,0.07895,0.07895,0.07895
2016-01-05,0.07895,0.07895,0.07895,0.07895
2016-02-01,0.07895,0.07895,0.07895,0.07895
2016-02-19,0.07895,0.07895,0.07895,0.07895,1267
2016-02-22,0.07895,0.07895,0.07895,0.07895,127
2016-03-04,0.07895,0.15789,0.07895,0.15789,95855
2016-03-07,0.15789,0.15789,0.15789,0.15789,621
2016-03-08,0.15789,0.23684,0.15789,0.23684,57443
2016-03-09,0.15789,0.15789,0.15789,0.15789,17214
2016-03-10,0.15789,0.15789,0.15789,0.15789,85082
2016-03-11,0.15789,0.15789,0.15789,0.15789,113424
2016-03-16,0.15789,0.15789,0.15789,0.15789,31667
2016-03-17,0.15789,0.15789,0.15789,0.15789,3825
2016-03-18,0.23684,0.23684,0.23684,0.23684,380
2016-03-29,0.23684,0.23684,0.23684,0.23684,38
2016-04-19,0.15789,0.15789,0.15789,0.15789,9297
2016-04-20,0.15789,0.15789,0.15789,0.15789,893
2016-05-12,0.07895,0.15789,0.07895,0.15789,52839
2016-06-20,0.07895,0.07895,0.07895,0.07895,1431
2016-06-21,0.15789,0.15789,0.15789,0.15789,13
2016-06-22,0.15789,0.15789,0.15789,0.15789,633
2016-06-27,0.15789,0.15789,0.15789,0.15789
2016-06-29,0.15789,0.15789,0.15789,0.15789,2027
2016-07-04,0.07895,0.07895,0.07895,0.07895,2027
2016-07-06,0.15789,0.15789,0.15789,0.15789,13
2016-07-18,0.15789,0.15789,0.15789,0.15789,63
2016-07-19,0.15789,0.15789,0.15789,0.15789,69888
2016-07-20,0.15789,0.23684,0.15789,0.23684,12933
2016-07-21,0.23684,0.23684,0.23684,0.23684,63
2016-07-22,0.23684,0.23684,0.23684,0.23684,51
2016-07-25,0.23684,0.23684,0.23684,0.23684,51
2016-07-26,0.23684,0.23684,0.23684,0.23684,253
2016-07-28,0.23684,0.23684,0.23684,0.23684,130783
2016-07-29,0.23684,0.23684,0.23684,0.23684,93353
2016-08-01,0.23684,0.23684,0.23684,0.23684,12793
2016-08-02,0.23684,0.23684,0.23684,0.23684,51
2016-08-03,0.23684,0.23684,0.23684,0.23684,51
2016-08-05,0.23684,0.23684,0.23684,0.23684,51
2016-08-08,0.15789,0.23684,0.15789,0.23684,3369
2016-08-09,0.23684,0.23684,0.23684,0.23684,44
2016-08-10,0.23684,0.23684,0.23684,0.23684,58311
2016-08-11,0.23684,0.23684,0.23684,0.23684,44
2016-08-12,0.23684,0.23684,0.23684,0.23684,44
2016-08-16,0.23684,0.23684,0.23684,0.23684,32
2016-08-17,0.15789,0.23684,0.15789,0.23684,54492
2016-08-18,0.15789,0.15789,0.15789,0.15789,1267
2016-08-23,0.23684,0.23684,0.23684,0.23684,89
2016-08-24,0.23684,0.23684,0.23684,0.23684,63
2016-08-25,0.23684,0.23684,0.23684,0.23684,25
2016-08-26,0.23684,0.23684,0.23684,0.23684,63
2016-08-29,0.23684,0.23684,0.23684,0.23684,51
2016-08-30,0.23684,0.23684,0.23684,0.23684,19
2016-08-31,0.23684,0.23684,0.23684,0.23684,38
2016-09-02,0.23684,0.23684,0.23684,0.23684,44
2016-09-05,0.23684,0.23684,0.23684,0.23684,51
2016-09-06,0.23684,0.23684,0.23684,0.23684,44
2016-09-07,0.23684,0.23684,0.23684,0.23684,51
2016-09-09,0.23684,0.23684,0.23684,0.23684,51
2016-09-12,0.23684,0.23684,0.23684,0.23684,63
2016-09-14,0.15789,0.15789,0.15789,0.15789,12920
2016-09-15,0.15789,0.15789,0.15789,0.15789,1457
2016-09-16,0.15789,0.15789,0.15789,0.15789,5320
2016-09-21,0.15789,0.23684,0.15789,0.23684,190
2016-09-22,0.23684,0.23684,0.23684,0.23684,51
2016-09-23,0.23684,0.23684,0.23684,0.23684,424
2016-09-26,0.23684,0.23684,0.23684,0.23684,44
2016-09-27,0.23684,0.23684,0.23684,0.23684,44
2016-09-29,0.23684,0.23684,0.23684,0.23684,44
2016-09-30,0.15789,0.15789,0.15789,0.15789,849
2016-10-03,0.15789,0.15789,0.15789,0.15789,190
2016-10-05,0.15789,0.15789,0.15789,0.15789,1425
2016-10-10,0.15789,0.15789,0.15789,0.15789,6802
2016-10-11,0.15789,0.15789,0.15789,0.15789,906
2016-10-13,0.15789,0.15789,0.15789,0.15789,139
2016-10-14,0.23684,0.23684,0.23684,0.23684,63
2016-10-17,0.15789,0.15789,0.15789,0.15789,1267
2016-10-18,0.23684,0.23684,0.15789,0.15789,7796
2016-10-19,0.23684,0.23684,0.23684,0.23684,127
2016-10-20,0.15789,0.15789,0.15789,0.15789,76025
2016-11-04,0.18947,0.18947,0.18947,0.18947,63
2016-11-07,0.18789,0.18789,0.18789,0.18789,95
2016-11-08,0.18789,0.18947,0.18789,0.18947,6219
2016-11-09,0.15789,0.17842,0.15789,0.17842,20900
2016-11-10,0.17842,0.17842,0.17842,0.17842,697
2016-11-14,0.17842,0.17842,0.17842,0.17842,63
2016-11-15,0.17842,0.17842,0.17842,0.17842,63
2016-11-16,0.17684,0.17684,0.17684,0.17684,1507
2016-11-17,0.17684,0.17684,0.17684,0.17684,63
2016-11-18,0.17684,0.17684,0.17684,0.17684,63
2016-11-21,0.17684,0.17684,0.17684,0.17684,63
2016-11-22,0.17684,0.17684,0.17684,0.17684,63
2016-11-23,0.17684,0.17684,0.17684,0.17684,63
2016-11-24,0.17684,0.17684,0.17684,0.17684,63
2016-11-25,0.17368,0.17368,0.15,0.15,1995
2016-11-30,0.15,0.15,0.15,0.15,6504
2016-12-02,0.12,0.12,0.12,0.12,2850
2016-12-05,0.11842,0.11842,0.11842,0.11842,18367
2016-12-07,0.11842,0.11842,0.11842,0.11842,12667
2016-12-12,0.11842,0.11842,0.11842,0.11842,317
2016-12-14,0.15,0.15,0.15,0.15,2046
2016-12-15,0.15789,0.15789,0.15789,0.15789,63
2016-12-19,0.12,0.12,0.12,0.12,6270
2016-12-22,0.11053,0.11053,0.11053,0.11053,101
2016-12-27,0.11842,0.11842,0.11842,0.11842,855
2017-01-04,0.14053,0.15947,0.11368,0.14211,119896
2017-01-05,0.15789,0.18947,0.13579,0.13579,116179
2017-01-09,0.16263,0.19263,0.16263,0.17368,11501
2017-01-10,0.18158,0.21789,0.18158,0.21789,13408
2017-01-11,0.20368,0.20368,0.20368,0.20368,507
2017-01-12,0.19263,0.19263,0.18947,0.18947,3167
2017-01-13,0.20368,0.20368,0.19105,0.19105,1393
2017-01-17,0.19579,0.23368,0.19579,0.23368,18829
2017-01-18,0.23368,0.27632,0.21158,0.27632,63954
2017-01-19,0.27158,0.31737,0.22105,0.31737,75595
2017-01-20,0.34737,0.37895,0.27789,0.32842,46005
2017-01-23,0.32368,0.32368,0.25895,0.25895,33339
2017-01-24,0.26526,0.26526,0.22105,0.25105,19146
2017-01-25,0.24789,0.29211,0.19895,0.29211,66057
2017-01-26,0.27158,0.31579,0.26368,0.26368,8493
2017-01-27,0.26368,0.26368,0.24947,0.24947,6916
2017-01-30,0.24947,0.28421,0.20684,0.20842,29583
2017-01-31,0.21474,0.21474,0.20211,0.20211,17220
2017-02-01,0.20053,0.20053,0.20053,0.20053,950
2017-02-02,0.20211,0.20526,0.20211,0.20526,1267
2017-02-08,0.20211,0.20211,0.20053,0.20053,380
2017-02-09,0.20053,0.22105,0.20053,0.22105,887
2017-02-10,0.21789,0.21789,0.21789,0.21789,63
2017-02-13,0.21789,0.21789,0.19105,0.19263,21470
2017-02-24,0.19263,0.19263,0.19105,0.19105,399
2017-02-27,0.19105,0.19105,0.19105,0.19105,63
2017-02-28,0.19105,0.19105,0.17368,0.17368,10317
2017-03-01,0.17368,0.17368,0.17368,0.17368,127
2017-03-02,0.17368,0.17368,0.17368,0.17368,95
2017-03-03,0.17368,0.17368,0.17368,0.17368,63
2017-03-06,0.17368,0.17368,0.17368,0.17368,63
2017-03-07,0.17368,0.20842,0.16737,0.19579,36860
2017-03-08,0.18789,0.18789,0.15789,0.15789,19000
2017-03-09,0.16105,0.16105,0.16105,0.16105,63
2017-03-10,0.16105,0.16105,0.16105,0.16105,63
2017-03-13,0.17368,0.17684,0.17368,0.17684,1349
2017-03-14,0.16421,0.16421,0.16421,0.16421,6333
2017-03-15,0.16421,0.16421,0.16421,0.16421,190
2017-03-16,0.16421,0.19421,0.15789,0.19421,37297
2017-03-17,0.18947,0.22737,0.18947,0.22737,22996
2017-03-20,0.22895,0.28105,0.22895,0.28105,30717
2017-03-21,0.26842,0.27632,0.23684,0.23684,14630
2017-03-22,0.23684,0.23684,0.20526,0.20526,14066
2017-03-23,0.20526,0.21,0.20526,0.21,4763
2017-03-24,0.21316,0.25263,0.21316,0.24474,15707
2017-03-27,0.25263,0.3,0.25263,0.29842,76975
2017-03-28,0.3,0.30789,0.29211,0.30789,9228
2017-03-29,0.30789,0.30789,0.30789,0.30789,63
2017-03-30,0.30789,0.30789,0.30789,0.30789,63
2017-03-31,0.30632,0.30632,0.25263,0.28737,4693
2017-04-03,0.26526,0.28421,0.21474,0.28421,12426
2017-04-04,0.27474,0.30789,0.27474,0.30789,6428
2017-04-05,0.29211,0.29211,0.26842,0.26842,5573
2017-04-06,0.26211,0.28421,0.21316,0.21316,36733
2017-04-07,0.21632,0.23684,0.21632,0.22895,3357
2017-04-10,0.22895,0.22895,0.20526,0.20526,13807
2017-04-11,0.20526,0.20526,0.20526,0.20526,6618
2017-04-12,0.19737,0.22895,0.19263,0.22263,32300
2017-04-13,0.22421,0.26842,0.22421,0.25263,45860
2017-04-18,0.28421,0.30947,0.18316,0.21,112676
2017-04-19,0.20842,0.20842,0.16737,0.17368,379962
2017-04-20,0.17368,0.17368,0.13895,0.15632,1094102
2017-04-21,0.15632,0.18,0.15632,0.15789,70294
2017-04-24,0.17368,0.17368,0.15789,0.15789,9563
2017-04-25,0.15474,0.17211,0.15474,0.15789,18702
2017-04-26,0.17053,0.17053,0.17053,0.17053,63
2017-04-27,0.16579,0.16579,0.16579,0.16579,95
2017-04-28,0.16579,0.16579,0.16579,0.16579,95
2017-05-02,0.16579,0.16579,0.16579,0.16579,95
2017-05-04,0.16579,0.16579,0.16579,0.16579,95
2017-05-05,0.16579,0.16579,0.16579,0.16579,95
2017-05-08,0.16579,0.16579,0.16579,0.16579,95
2017-05-09,0.16579,0.16579,0.16579,0.16579,95
2017-05-10,0.16579,0.16579,0.16579,0.16579,95
2017-05-12,0.16579,0.16579,0.15947,0.15947,2597
2017-05-15,0.15947,0.15947,0.15947,0.15947,95
2017-05-16,0.15789,0.16737,0.15789,0.16737,8917
2017-05-17,0.15947,0.16895,0.15158,0.16895,8050
2017-05-18,0.17211,0.17211,0.15947,0.15947,22578
2017-05-19,0.16579,0.16579,0.16579,0.16579,63
2017-05-22,0.16421,0.16421,0.16421,0.16421,95
2017-05-23,0.16421,0.16421,0.16421,0.16421,63
2017-05-24,0.16421,0.16421,0.16421,0.16421,95
2017-05-25,0.16421,0.16421,0.16421,0.16421,63
2017-05-26,0.16421,0.16421,0.16421,0.16421,63
2017-05-29,0.16421,0.16421,0.14526,0.14526,2913
2017-06-01,0.13421,0.13421,0.11053,0.12947,17575
2017-06-02,0.14526,0.15158,0.12947,0.12947,3300
2017-06-05,0.12632,0.12632,0.12632,0.12632,9500
2017-06-06,0.12632,0.12632,0.12632,0.12632,253
2017-06-07,0.12632,0.12632,0.12632,0.12632,253
2017-06-08,0.12632,0.12632,0.12632,0.12632,253
2017-06-09,0.12632,0.12632,0.12632,0.12632,317
2017-06-12,0.12632,0.12632,0.11053,0.11053,2166
2017-06-13,0.11053,0.11053,0.11053,0.11053,633
2017-06-14,0.11053,0.11053,0.11053,0.11053,317
2017-06-16,0.11842,0.14211,0.11842,0.14211,13338
2017-06-21,0.12632,0.12632,0.12632,0.12632,253
2017-06-22,0.12632,0.12632,0.12632,0.12632,190
2017-06-23,0.12632,0.12632,0.12632,0.12632,190
2017-06-26,0.11842,0.11842,0.11842,0.11842,633
2017-06-28,0.12474,0.12632,0.12474,0.12632,2609
2017-06-29,0.13421,0.13421,0.13421,0.13421,3724
2017-06-30,0.13105,0.13105,0.13105,0.13105,633
2017-07-03,0.12474,0.12474,0.12474,0.12474,1267
2017-07-17,0.12632,0.12632,0.12632,0.12632,19
2017-07-19,0.12474,0.12474,0.12158,0.12158,760
2017-07-31,0.12632,0.12632,0.12158,0.12158,8569
2017-08-07,0.12158,0.12158,0.12158,0.12158,13
2017-08-16,0.12158,0.12316,0.12158,0.12158,14567
2017-08-17,0.12,0.12,0.12,0.12,9057
2017-08-21,0.12,0.12,0.12,0.12,317
2017-08-22,0.12,0.12,0.12,0.12,127
2017-08-30,0.12,0.12,0.12,0.12,6
2017-09-08,0.14,0.16,0.14,0.16,2060
2017-11-21,0.32,0.38,0.32,0.38,22481
2017-11-22,0.43,0.51,0.43,0.51,2341
2017-11-23,0.61,0.73,0.61,0.73,7792
2017-11-24,0.87,1.03,0.87,1.03,45581
2017-11-27,1.03,1.03,0.83,1.02,31598
2017-11-28,0.82,0.98,0.8,0.98,1550
2017-11-29,0.8,0.8,0.65,0.65,5990
2017-12-01,0.45,0.45,0.45,0.45,3210
2017-12-04,0.54,0.54,0.44,0.44,1035
2017-12-05,0.4,0.48,0.4,0.48,1770
2017-12-06,0.5,0.6,0.5,0.6,500
2017-12-07,0.68,0.68,0.6,0.6,1028
2017-12-08,0.55,0.55,0.46,0.54,3872
2017-12-11,0.49,0.49,0.42,0.43,4608
2017-12-12,0.5,0.54,0.5,0.54,1643
2017-12-14,0.5,0.5,0.48,0.5,5005
2017-12-15,0.53,0.53,0.53,0.53,3910
2017-12-18,0.57,0.63,0.49,0.63,3969
2017-12-19,0.55,0.55,0.55,0.55,1840
2017-12-20,0.5,0.5,0.5,0.5,619
2017-12-22,0.51,0.58,0.51,0.58,45320
2017-12-27,0.5,0.5,0.5,0.5,2600
2017-12-28,0.47,0.47,0.44,0.44,6000
2017-12-29,0.37,0.39,0.37,0.39,2961
2018-01-05,0.39,0.39,0.39,0.39,1150
2018-01-16,0.39,0.39,0.39,0.39,50
2018-01-17,0.39,0.39,0.39,0.39,50
2018-01-22,0.39,0.46,0.39,0.46,7750
2018-01-23,0.46,0.46,0.46,0.46,2200
2018-01-24,0.46,0.55,0.46,0.54,4037
2018-01-25,0.54,0.54,0.54,0.54,20
2018-01-26,0.54,0.54,0.54,0.54,20
2018-01-29,0.54,0.54,0.54,0.54,30
2018-01-30,0.54,0.54,0.54,0.54,50
2018-01-31,0.54,0.54,0.54,0.54,50
2018-02-01,0.54,0.54,0.54,0.54,20
2018-02-02,0.54,0.54,0.54,0.54,20
2018-02-05,0.62,0.62,0.58,0.61,4916
2018-02-06,0.5,0.5,0.5,0.5,300
2018-02-07,0.6,0.61,0.6,0.61,1995
2018-02-08,0.61,0.61,0.61,0.61,30
2018-02-09,0.61,0.61,0.61,0.61,50
2018-02-12,0.61,0.61,0.61,0.61,50
2018-02-13,0.61,0.61,0.61,0.61,50
2018-02-14,0.61,0.87,0.61,0.76,13562
2018-02-15,0.64,0.74,0.62,0.74,2924
2018-02-19,0.69,0.7,0.69,0.7,20
2018-02-20,0.7,0.74,0.7,0.74,396
2018-02-21,0.72,0.73,0.72,0.73,79
2018-02-22,0.72,0.72,0.7,0.72,1520
2018-02-23,0.72,0.72,0.6,0.67,2579
2018-02-26,0.7,0.7,0.7,0.7,1
2018-03-07,0.68,0.72,0.64,0.64,1200
2018-03-08,0.72,0.72,0.64,0.64,1020
2018-03-09,0.69,0.69,0.69,0.69,1
2018-03-12,0.69,0.69,0.6,0.6,4403
2018-03-16,0.6,0.6,0.5,0.5,9030
2018-03-19,0.52,0.52,0.52,0.52,1588
2018-03-20,0.52,0.55,0.52,0.55,2450
2018-03-21,0.56,0.56,0.56,0.56,30
2018-03-22,0.56,0.56,0.56,0.56,30
2018-03-23,0.55,0.55,0.49,0.49,1960
2018-03-26,0.5,0.52,0.5,0.52,4048
2018-03-27,0.55,0.55,0.55,0.55,20
2018-03-28,0.48,0.48,0.48,0.48,10
2018-03-29,0.47,0.53,0.47,0.53,31
2018-04-03,0.53,0.54,0.38,0.39,11350
2018-04-04,0.39,0.46,0.39,0.46,615
2018-04-06,0.39,0.39,0.38,0.38,1208
2018-04-09,0.38,0.38,0.38,0.38,40
2018-04-10,0.38,0.38,0.38,0.38,50
2018-04-11,0.38,0.38,0.38,0.38,40
2018-04-12,0.38,0.38,0.38,0.38,50
2018-04-13,0.38,0.38,0.38,0.38,50
2018-04-16,0.38,0.38,0.38,0.38,450
2018-04-17,0.44,0.44,0.38,0.38,1150
2018-04-18,0.38,0.38,0.38,0.38,1030
2018-04-19,0.38,0.38,0.38,0.38,50
2018-04-20,0.38,0.38,0.38,0.38,30
2018-04-23,0.38,0.38,0.38,0.38,40
2018-04-24,0.38,0.38,0.38,0.38,3011
2018-04-25,0.38,0.38,0.32,0.32,543
2018-04-27,0.32,0.32,0.3,0.3,3273
2018-05-02,0.3,0.3,0.29,0.29,50
2018-05-09,0.3,0.34,0.3,0.34,2000
2018-05-16,0.34,0.34,0.34,0.34,1600
2018-05-18,0.28,0.28,0.26,0.26,200
2018-05-23,0.26,0.26,0.26,0.26,10
2018-05-25,0.26,0.26,0.26,0.26,700
2018-06-05,0.25,0.25,0.24,0.24,1108
2018-06-14,0.26,0.26,0.24,0.24,4085
2018-06-21,0.25,0.28,0.25,0.28,250
2018-06-25,0.28,0.28,0.28,0.28,2200
2018-06-27,0.26,0.26,0.21,0.21,200
2018-07-04,0.25,0.28,0.25,0.26,3800
2018-07-05,0.23,0.23,0.22,0.22,260
2018-07-25,0.26,0.26,0.26,0.26,50
2018-07-26,0.26,0.26,0.26,0.26,50
2018-07-27,0.26,0.26,0.26,0.26,50
2018-07-30,0.26,0.26,0.26,0.26,50
2018-08-17,0.27,0.27,0.27,0.27,50
2018-08-21,0.22,0.22,0.22,0.22,300
2018-08-22,0.18,0.18,0.17,0.17,320
2018-08-24,0.17,0.17,0.17,0.17,100
2018-09-12,0.2,0.2,0.17,0.17,260
2018-09-19,0.2,0.2,0.2,0.2,50
2018-09-24,0.2,0.2,0.2,0.2,361
2018-09-26,0.2,0.2,0.2,0.2,820
2018-11-07,0.23,0.27,0.23,0.23,5111
2018-11-14,0.23,0.23,0.2,0.2,5000
2018-11-15,0.17,0.17,0.17,0.17,100
2018-11-16,0.17,0.17,0.17,0.17,80
2018-11-19,0.17,0.17,0.17,0.17,70
2018-11-20,0.17,0.17,0.17,0.17,100
2018-11-21,0.17,0.17,0.17,0.17,80
2018-11-26,0.17,0.17,0.17,0.17,24035
2018-11-27,0.17,0.17,0.17,0.17,100
2018-11-28,0.17,0.17,0.17,0.17,100
2018-11-29,0.17,0.17,0.17,0.17,70
2018-12-03,0.17,0.17,0.17,0.17,70
2018-12-04,0.17,0.17,0.17,0.17,80
2018-12-06,0.17,0.17,0.17,0.17,80
2018-12-10,0.17,0.17,0.17,0.17,80
2018-12-11,0.17,0.17,0.17,0.17,70
2018-12-12,0.17,0.17,0.17,0.17,70
2018-12-13,0.17,0.17,0.17,0.17,80
2018-12-14,0.17,0.17,0.17,0.17,80
2018-12-17,0.17,0.17,0.17,0.17,80
2018-12-18,0.17,0.17,0.17,0.17,80
2018-12-19,0.18,0.18,0.18,0.18,80
2018-12-20,0.18,0.19,0.18,0.19,7071
2018-12-21,0.2,0.22,0.2,0.22,5095
2018-12-27,0.2,0.27,0.2,0.27,600
2018-12-28,0.27,0.32,0.27,0.32,685
2019-01-02,0.26,0.26,0.22,0.22,942
2019-01-03,0.23,0.23,0.23,0.23,788
2019-01-10,0.27,0.34,0.27,0.34,600
2019-01-11,0.4,0.4,0.35,0.35,2550
2019-01-16,0.35,0.35,0.35,0.35,100
2019-01-17,0.37,0.4,0.37,0.4,610
2019-01-18,0.4,0.45,0.4,0.4,1393
2019-01-21,0.39,0.45,0.39,0.45,120
2019-01-22,0.4,0.4,0.35,0.35,1800
2019-01-23,0.35,0.39,0.32,0.39,1146
2019-01-28,0.37,0.37,0.37,0.37,2000
2019-01-29,0.39,0.39,0.39,0.39,5637
2019-01-30,0.5,0.5,0.5,0.5,120
2019-01-31,0.5,0.6,0.5,0.5,1136
2019-02-01,0.5,0.6,0.5,0.5,2313
2019-02-06,0.44,0.44,0.38,0.41,5961
2019-02-07,0.4,0.4,0.32,0.32,250
2019-02-08,0.33,0.33,0.33,0.33,138
2019-02-12,0.35,0.38,0.33,0.33,2318
2019-02-13,0.28,0.28,0.24,0.24,7293
2019-02-14,0.25,0.25,0.25,0.25,50
2019-02-15,0.25,0.25,0.25,0.25,50
2019-02-19,0.28,0.32,0.28,0.32,6110
2019-02-20,0.28,0.28,0.28,0.28,2000
2019-02-21,0.32,0.38,0.32,0.38,3360
2019-02-27,0.4,0.46,0.35,0.35,9580
2019-02-28,0.35,0.4,0.31,0.31,12950
2019-03-06,0.33,0.34,0.33,0.34,1462
2019-03-07,0.348,0.348,0.348,0.35,50
2019-03-11,0.282,0.282,0.282,0.28,850
2019-03-12,0.296,0.296,0.296,0.3,100
2019-03-21,0.3,0.3,0.3,0.3,50
2019-03-22,0.3,0.3,0.3,0.3,50
2019-03-25,0.3,0.3,0.3,0.3,100
2019-03-26,0.3,0.3,0.3,0.3,3800
2019-03-29,0.3,0.3,0.3,0.3,184
2019-04-01,0.3,0.3,0.3,0.3,50
2019-04-02,0.3,0.3,0.3,0.3,500
2019-04-03,0.3,0.3,0.3,0.3,200
2019-04-04,0.3,0.3,0.3,0.3,100
2019-04-05,0.3,0.3,0.3,0.3,50
2019-04-08,0.324,0.388,0.264,0.26,13130
2019-04-26,0.31,0.31,0.2,0.2,91042
2019-05-07,0.2,0.2,0.2,0.2,50
2019-05-16,0.2,0.21,0.2,0.21,20050
2019-06-07,0.25,0.25,0.25,0.25,1
2019-06-12,0.2,0.2,0.2,0.2,1856
2019-06-27,0.17,0.28,0.17,0.28,5260
2019-06-28,0.22,0.3,0.22,0.3,401
2019-07-01,0.298,0.298,0.298,0.3,50
2019-07-02,0.298,0.298,0.298,0.3,35
2019-07-03,0.298,0.298,0.298,0.3,50
2019-07-04,0.298,0.298,0.298,0.3,40
2019-07-05,0.29,0.29,0.21,0.21,12136
2019-07-08,0.214,0.214,0.214,0.21,8105
2019-07-09,0.214,0.214,0.214,0.21,20
2019-07-10,0.21,0.21,0.172,0.17,336
2019-07-11,0.17,0.17,0.17,0.17,21
2019-07-12,0.171,0.171,0.171,0.17,20
2019-07-15,0.175,0.175,0.175,0.18,100
2019-07-16,0.175,0.175,0.175,0.18,120
2019-07-17,0.181,0.181,0.181,0.18,80
2019-07-18,0.18,0.18,0.18,0.18,70
2019-07-19,0.18,0.18,0.18,0.18,80
2019-07-22,0.18,0.18,0.18,0.18,80
2019-07-23,0.18,0.18,0.18,0.18,70
2019-07-24,0.18,0.18,0.18,0.18,60
2019-07-25,0.18,0.18,0.18,0.18,80
2019-07-26,0.18,0.18,0.18,0.18,60
2019-07-29,0.18,0.18,0.18,0.18,70
2019-07-30,0.18,0.18,0.18,0.18,65
2019-07-31,0.18,0.18,0.18,0.18,70
2019-08-01,0.18,0.18,0.18,0.18,70
2019-08-05,0.18,0.18,0.18,0.18,80
2019-08-06,0.18,0.18,0.18,0.18,70
2019-08-12,0.18,0.18,0.18,0.18,80
2019-08-16,0.18,0.182,0.18,0.182,20060
2019-08-19,0.182,0.182,0.182,0.182,21
2019-08-20,0.182,0.182,0.182,0.182,50
2019-08-21,0.182,0.182,0.182,0.182,100
2019-08-23,0.182,0.182,0.182,0.182,30
2019-08-27,0.182,0.182,0.182,0.182,20
2019-08-28,0.182,0.182,0.182,0.182,70
2019-09-02,0.182,0.182,0.182,0.182,210
2019-09-03,0.182,0.182,0.182,0.182,60
2019-09-04,0.182,0.182,0.182,0.182,60
2019-09-10,0.19,0.19,0.19,0.19,50
2019-09-12,0.19,0.19,0.19,0.19,60
2019-09-17,0.19,0.19,0.19,0.19,60
2019-09-26,0.195,0.195,0.195,0.195,60
2019-09-27,0.195,0.195,0.195,0.195,60
2019-09-30,0.195,0.195,0.195,0.195,70
2019-10-01,0.195,0.195,0.195,0.195,60
2019-10-03,0.195,0.195,0.195,0.195,60
2019-10-08,0.2,0.2,0.2,0.2,50
2019-10-09,0.2,0.2,0.2,0.2,50
2019-10-10,0.2,0.2,0.2,0.2,50
2019-10-11,0.2,0.2,0.2,0.2,50
2019-10-14,0.2,0.2,0.2,0.2,50
2019-10-15,0.2,0.2,0.2,0.2,400
2019-10-16,0.2,0.2,0.2,0.2,50
2019-10-17,0.2,0.2,0.2,0.2,50
2019-10-22,0.2,0.2,0.2,0.2,50
2019-11-05,0.202,0.202,0.18,0.18,600
2019-11-06,0.18,0.18,0.18,0.18,740
2019-11-07,0.18,0.18,0.18,0.18,1100
2019-11-12,0.18,0.18,0.18,0.18,70
2019-11-13,0.18,0.18,0.18,0.18,70
2019-11-22,0.21,0.22,0.21,0.22,9369
2019-11-28,0.21,0.21,0.21,0.21,100
2019-12-03,0.202,0.202,0.18,0.18,5580
2019-12-16,0.2,0.2,0.2,0.2,50
2019-12-17,0.2,0.2,0.2,0.2,1337
2019-12-23,0.19,0.19,0.18,0.18,844
2019-12-27,0.18,0.18,0.18,0.18,100
2020-01-03,0.2,0.2,0.2,0.2,50
2020-01-07,0.2,0.2,0.2,0.2,50
2020-01-08,0.21,0.21,0.21,0.21,100
2020-01-09,0.21,0.21,0.21,0.21,50
2020-01-10,0.22,0.22,0.22,0.22,50
2020-01-14,0.22,0.22,0.22,0.22,100
2020-01-15,0.22,0.22,0.22,0.22,98
2020-01-16,0.22,0.22,0.22,0.22,100
2020-01-17,0.22,0.22,0.22,0.22,100
2020-01-22,0.24,0.24,0.24,0.24,50
2020-01-23,0.24,0.24,0.24,0.24,150
2020-01-31,0.26,0.278,0.26,0.278,200
2020-02-04,0.27,0.27,0.27,0.27,50
2020-02-05,0.27,0.27,0.22,0.22,880
2020-02-06,0.26,0.26,0.26,0.26,40
2020-02-07,0.26,0.26,0.26,0.26,160
2020-02-10,0.27,0.27,0.26,0.26,89
2020-02-11,0.26,0.27,0.26,0.26,297
2020-02-12,0.26,0.31,0.26,0.31,1696
2020-02-13,0.35,0.36,0.35,0.36,101
2020-02-14,0.36,0.36,0.28,0.28,7311
2020-02-17,0.28,0.28,0.28,0.28,346
2020-02-18,0.28,0.28,0.28,0.28,55
2020-02-19,0.28,0.28,0.28,0.28,715
2020-02-20,0.28,0.28,0.28,0.28,350
2020-02-21,0.28,0.28,0.28,0.28,4218
2020-02-24,0.28,0.402,0.28,0.39,97384
2020-02-25,0.4,0.5,0.4,0.5,21236
2020-02-26,0.6,0.68,0.6,0.68,12260
2020-02-27,0.7,1,0.7,1,20617
2020-02-28,1,1,0.85,0.85,1428
2020-03-02,0.88,0.95,0.88,0.95,2720
2020-03-03,0.9,0.9,0.72,0.78,6215
2020-03-04,0.78,0.78,0.69,0.69,2611
2020-03-05,0.69,0.69,0.69,0.69,20
2020-03-06,0.7,0.7,0.62,0.62,905
2020-03-10,0.56,0.56,0.48,0.48,4269
2020-03-11,0.49,0.56,0.49,0.56,2165
2020-03-13,0.52,0.52,0.52,0.52,10
2020-03-16,0.5,0.5,0.41,0.49,750
2020-03-17,0.41,0.41,0.4,0.4,650
2020-03-18,0.41,0.41,0.41,0.41,9130
2020-03-19,0.5,0.56,0.5,0.56,772
2020-03-20,0.67,0.67,0.5,0.5,1200
2020-03-23,0.55,0.55,0.55,0.55,11840
2020-03-24,0.54,0.55,0.47,0.47,3000
2020-03-25,0.47,0.47,0.44,0.44,253
2020-03-26,0.44,0.45,0.44,0.45,93
2020-03-27,0.45,0.45,0.45,0.45,50
2020-03-31,0.44,0.44,0.41,0.41,4200
2020-04-01,0.41,0.41,0.41,0.41,50
2020-04-02,0.44,0.51,0.44,0.51,4475
2020-04-03,0.51,0.51,0.45,0.49,2431
2020-04-06,0.49,0.49,0.4,0.4,6002
2020-04-07,0.4,0.45,0.4,0.45,7441
2020-04-08,0.45,0.64,0.45,0.59,13415
2020-04-09,0.6,0.7,0.6,0.7,2695
2020-04-14,0.67,0.67,0.54,0.54,8077
2020-04-15,0.54,0.58,0.54,0.58,2080
2020-04-16,0.58,0.66,0.5,0.62,5153
2020-04-17,0.54,0.55,0.45,0.54,13250
2020-04-20,0.51,0.54,0.46,0.53,18733
2020-04-21,0.53,0.61,0.46,0.61,10100
2020-04-22,0.535,0.6,0.535,0.6,8391
2020-04-23,0.6,0.6,0.55,0.55,5047
2020-04-24,0.58,0.61,0.58,0.61,400
2020-04-27,0.56,0.56,0.55,0.55,1500
2020-04-28,0.55,0.55,0.55,0.55,1450
2020-04-29,0.55,0.6,0.55,0.59,2940
2020-04-30,0.6,0.6,0.6,0.6,2000
2020-05-04,0.58,0.6,0.5,0.54,7326
2020-05-05,0.54,0.58,0.51,0.58,3050
2020-05-06,0.51,0.565,0.51,0.515,3487
2020-05-07,0.52,0.52,0.515,0.515,1250
2020-05-08,0.51,0.51,0.5,0.5,10336
2020-05-11,0.5,0.5,0.48,0.48,4920
2020-05-12,0.5,0.5,0.5,0.5,1000
2020-05-13,0.47,0.47,0.47,0.47,1700
2020-05-14,0.48,0.48,0.48,0.48,734
2020-05-15,0.5,0.53,0.49,0.53,7000
2020-05-18,0.555,0.555,0.5,0.545,2866
2020-05-19,0.535,0.54,0.53,0.54,3196
2020-05-21,0.535,0.535,0.474,0.52,5945
2020-05-22,0.52,0.52,0.49,0.49,2570
2020-05-25,0.48,0.48,0.48,0.48,346
2020-05-26,0.48,0.52,0.47,0.51,3700
2020-05-27,0.525,0.525,0.505,0.525,2600
2020-05-28,0.52,0.52,0.52,0.52,30
2020-05-29,0.52,0.52,0.52,0.52,30
2020-06-01,0.53,0.53,0.472,0.525,5740
2020-06-02,0.52,0.525,0.52,0.525,1820
2020-06-03,0.59,0.59,0.59,0.59,7205
2020-06-04,0.62,0.64,0.62,0.64,7000
2020-06-05,0.64,0.645,0.6,0.6,4172
2020-06-08,0.585,0.66,0.585,0.65,13219
2020-06-10,0.65,0.66,0.65,0.66,4190
2020-06-12,0.66,0.66,0.66,0.66,20
2020-06-15,0.64,0.7,0.55,0.7,35911
2020-06-16,0.63,0.69,0.57,0.69,4120
2020-06-19,0.63,0.67,0.62,0.67,1455
2020-06-22,0.67,0.68,0.67,0.68,3530
2020-06-23,0.69,0.79,0.69,0.79,16461
2020-06-24,0.79,0.8,0.7,0.7,2864
2020-06-25,0.705,0.705,0.705,0.705,999
2020-06-26,0.7,0.75,0.66,0.75,4054
2020-06-29,0.75,0.75,0.75,0.75,60
2020-06-30,0.78,0.78,0.76,0.76,4485
2020-07-01,0.81,0.82,0.72,0.72,2295
2020-07-02,0.74,0.74,0.74,0.74,300
2020-07-03,0.78,0.8,0.78,0.78,1510
2020-07-06,0.77,0.77,0.725,0.725,220
2020-07-07,0.725,0.725,0.725,0.725,26
2020-07-08,0.74,0.75,0.725,0.75,3457
2020-07-09,0.77,0.85,0.76,0.78,3586
2020-07-10,0.78,0.78,0.74,0.74,4329
2020-07-13,0.74,0.74,0.74,0.74,5500
2020-07-14,0.76,0.76,0.76,0.76,20
2020-07-15,0.76,0.76,0.7,0.76,2116
2020-07-16,0.76,0.76,0.71,0.76,420
2020-07-17,0.76,0.76,0.7,0.76,8917
2020-07-20,0.76,0.76,0.705,0.76,3967
2020-07-21,0.76,0.76,0.705,0.745,4434
2020-07-22,0.68,0.74,0.66,0.74,8860
2020-07-24,0.75,0.76,0.75,0.76,520
2020-07-27,0.7,1,0.7,0.9,53550
2020-07-28,1.05,1.26,1.04,1.25,16876
2020-07-29,1.28,1.83,1.28,1.83,4947
2020-07-30,2,2.1,1.7,1.7,41693
2020-07-31,1.32,1.56,1.31,1.56,367
2020-08-03,1.57,1.61,1.33,1.43,4095
2020-08-04,1.62,1.62,1.33,1.33,1650
2020-08-05,1.45,1.7,1.35,1.35,8319
2020-08-06,1.6,1.92,1.6,1.92,3182
2020-08-07,1.91,1.91,1.6,1.7,429
2020-08-10,1.7,1.99,1.7,1.75,9535
2020-08-11,2.06,2.4,2.06,2.24,5837
2020-08-12,2.5,2.5,1.6,1.8,3555
2020-08-13,1.8,1.8,1.75,1.75,170
2020-08-14,1.7,2,1.7,2,2485
2020-08-17,1.85,2,1.85,1.85,6636
2020-08-18,1.9,2.1,1.9,1.9,2893
2020-08-19,2.06,2.06,1.8,1.8,13632
2020-08-20,1.8,1.8,1.67,1.8,1586
2020-08-21,1.75,1.8,1.75,1.8,427
2020-08-24,1.75,1.75,1.75,1.75,50
2020-08-25,1.75,1.75,1.75,1.75,6
2020-08-26,1.75,1.75,1.75,1.75,10
2020-08-27,1.75,1.75,1.75,1.75,120
2020-08-31,1.75,1.75,1.6,1.6,405
2020-09-01,1.56,1.64,1.56,1.64,2770
2020-09-02,1.6,1.6,1.4,1.56,6857
2020-09-03,1.4,1.4,1.4,1.4,50
2020-09-04,1.4,1.4,1.36,1.36,1910
2020-09-07,1.36,1.36,1.36,1.36,700
2020-09-08,1.31,1.31,1.1,1.2,2175
2020-09-09,1.2,1.2,1.1,1.1,800
2020-09-10,1.1,1.1,1.1,1.1,10
2020-09-11,1.2,1.2,1.2,1.2,100
2020-09-14,1.12,1.12,1.12,1.12,515
2020-09-22,1.26,1.5,1.26,1.5,3236
2020-09-23,1.5,1.5,1.5,1.5,10
2020-09-24,1.35,1.35,1.35,1.35,400
2020-09-25,1.3,1.42,1.25,1.25,852
2020-09-28,1.28,1.28,1.28,1.28,55
2020-09-30,1.28,1.48,1.2,1.2,4660
2020-10-02,1.25,1.25,1.18,1.25,1074
2020-10-06,1.3,1.45,1.3,1.45,1900
2020-10-08,1.3,1.35,1.15,1.35,1912
2020-10-09,1.2,1.2,1.2,1.2,380
2020-10-12,1.35,1.35,1.35,1.35,893
2020-10-13,1.3,1.35,1.3,1.3,2531
2020-10-14,1.3,1.3,1.1,1.12,1735
2020-10-15,1.1,1.22,1.01,1.01,2461
2020-10-16,1.16,1.16,1.16,1.16,30
2020-10-19,1.16,1.2,1.1,1.2,1105
2020-10-20,1.2,1.2,1.2,1.2,20
2020-10-21,1.2,1.2,1.2,1.2,10
2020-10-22,1.2,1.2,1.12,1.2,95
2020-10-23,1.2,1.4,1.2,1.4,981
2020-10-26,1.39,1.39,1.35,1.35,2710
2020-10-28,1.3,1.3,1.3,1.3,50
2020-10-29,1.3,1.3,1.24,1.24,110
2020-10-30,1.24,1.24,1.24,1.24,815
2020-11-02,1.34,1.45,1.34,1.45,10387
2020-11-03,1.5,1.78,1.5,1.6,1550
2020-11-04,1.22,1.45,1.22,1.4,2594
2020-11-06,1.4,1.4,1.4,1.4,80
2020-11-12,1.45,1.7,1.45,1.47,2297
2020-11-13,1.62,1.62,1.42,1.55,902
2020-11-16,1.55,1.6,1.55,1.6,3276
2020-11-17,1.6,1.6,1.52,1.52,835
2020-11-18,1.5,1.5,1.5,1.5,310
2020-11-19,1.59,1.59,1.45,1.59,411
2020-11-20,1.6,1.6,1.6,1.6,1335
2020-11-24,1.64,1.64,1.4,1.45,4462
2020-11-27,1.45,1.5,1.45,1.45,1700
2020-11-30,1.55,1.55,1.31,1.55,2680
2020-12-01,1.54,1.54,1.54,1.54,10
2020-12-02,1.42,1.54,1.42,1.54,202
2020-12-03,1.55,1.55,1.55,1.55,10
2020-12-04,1.5,1.6,1.5,1.5,1144
2020-12-07,1.6,1.6,1.5,1.5,570
2020-12-08,1.6,1.6,1.6,1.6,20
2020-12-10,1.47,1.47,1.47,1.47,11118
2020-12-11,1.46,1.46,1.31,1.31,1713
2020-12-14,1.4,1.5,1.4,1.5,775
2020-12-15,1.57,1.6,1.14,1.14,8568
2020-12-16,1.29,1.34,1.29,1.34,6084
2020-12-17,1.34,1.45,1.3,1.45,451
2020-12-21,1.44,1.44,1.3,1.44,381
2020-12-22,1.44,1.44,1.44,1.44,15
2020-12-23,1.43,1.43,1.43,1.43,150
2020-12-28,1.44,1.44,1.4,1.4,44
2020-12-29,1.44,1.44,1.34,1.34,526
2021-01-04,1.36,1.5,1.36,1.45,2004
2021-01-05,1.49,1.49,1.4,1.4,1735
2021-01-07,1.46,1.46,1.31,1.4,1733
2021-01-08,1.44,1.44,1.44,1.44,70
2021-01-11,1.42,1.42,1.42,1.42,105
2021-01-12,1.44,1.44,1.44,1.44,10
2021-01-13,1.35,1.9,1.35,1.84,6654
2021-01-14,1.7,2,1.7,1.74,5659
2021-01-15,1.8,1.8,1.45,1.45,3763
2021-01-21,1.65,1.65,1.6,1.6,1468
2021-01-22,1.62,1.7,1.62,1.7,770
2021-01-25,1.6,1.6,1.6,1.6,2683
2021-01-26,1.6,1.6,1.6,1.6,635
2021-01-27,1.59,1.71,1.55,1.55,5410
2021-01-28,1.55,1.55,1.55,1.55,10
2021-01-29,1.6,1.6,1.6,1.6,200
2021-02-01,1.6,1.6,1.6,1.6,100
2021-02-04,1.5,1.5,1.4,1.4,5743
2021-02-05,1.5,1.5,1.49,1.5,1256
2021-02-08,1.41,1.41,1.41,1.41,1100
2021-02-09,1.41,1.41,1.41,1.41,10
2021-02-10,1.41,1.41,1.41,1.41,580
2021-02-16,1.41,1.41,1.41,1.41,100
2021-02-17,1.41,1.5,1.41,1.5,385
2021-02-18,1.5,1.5,1.5,1.5,69
2021-03-01,1.43,1.43,1.43,1.43,34
2021-03-02,1.43,1.43,1.35,1.36,892
2021-03-03,1.36,1.36,1.36,1.36,50
2021-03-04,1.36,1.36,1.36,1.36,130
2021-03-08,1.36,1.36,1.36,1.36,10
2021-03-09,1.36,1.36,1.36,1.36,10
2021-03-10,1.38,1.38,1.38,1.38,10
2021-03-11,1.38,1.5,1.38,1.5,120
2021-03-12,1.38,1.5,1.38,1.5,688
2021-03-15,1.54,1.54,1.54,1.54,300
2021-03-19,1.53,1.53,1.53,1.53,200
2021-03-23,1.4,1.53,1.38,1.53,400
2021-03-24,1.52,1.52,1.52,1.52,10
2021-03-25,1.5,1.5,1.5,1.5,10
2021-03-26,1.49,1.49,1.49,1.49,10
2021-03-29,1.73,1.73,1.73,1.73,8830
2021-03-30,1.73,1.73,1.5,1.5,735
2021-03-31,1.58,1.89,1.58,1.7,1492
2021-04-07,1.62,1.62,1.62,1.62,263
2021-04-09,1.7,1.7,1.7,1.7,595
2021-04-13,1.8,1.8,1.8,1.8,100
2021-04-14,1.8,1.87,1.8,1.87,1307
2021-04-15,1.88,1.88,1.75,1.75,790
2021-04-16,1.65,1.65,1.65,1.65,615
2021-04-21,1.7,1.86,1.6,1.75,1925
2021-04-27,1.74,1.74,1.74,1.74,10
2021-04-28,1.74,1.74,1.74,1.74,10
2021-04-30,1.74,1.74,1.74,1.74,12
2021-05-04,1.6,1.62,1.6,1.62,995
2021-05-05,1.62,1.62,1.5,1.5,80
2021-05-07,1.51,1.8,1.51,1.6,2595
2021-05-11,1.56,1.56,1.51,1.51,1750
2021-05-12,1.51,1.52,1.22,1.32,6204
2021-05-13,1.48,1.48,1.48,1.48,50
2021-05-14,1.43,1.43,1.43,1.43,76
2021-05-17,1.35,1.35,1.35,1.35,1174
2021-05-18,1.35,1.35,1.35,1.35,10
2021-05-19,1.33,1.33,1.33,1.33,10
2021-05-20,1.33,1.33,1.33,1.33,10
2021-05-21,1.33,1.39,1.26,1.39,477
2021-05-24,1.39,1.39,1.39,1.39,10
2021-05-25,1.39,1.39,1.39,1.39,10
2021-05-26,1.39,1.39,1.39,1.39,10
2021-05-27,1.39,1.39,1.39,1.39,40
2021-05-28,1.39,1.39,1.39,1.39,10
2021-05-31,1.39,1.39,1.39,1.39,10
2021-06-01,1.39,1.39,1.39,1.39,718
2021-06-02,1.39,1.39,1.39,1.39,292
2021-06-04,1.39,1.39,1.39,1.39,10
2021-06-07,1.39,1.39,1.39,1.39,10
2021-06-08,1.39,1.39,1.39,1.39,110
2021-06-09,1.39,1.39,1.39,1.39,10
2021-06-10,1.39,1.41,1.39,1.4,1735
2021-06-11,1.42,1.42,1.42,1.42,87
2021-06-15,1.4,1.4,1.4,1.4,1820
2021-06-16,1.68,1.81,1.45,1.6,40030
2021-06-17,1.6,1.65,1.55,1.65,695
2021-06-21,1.65,1.65,1.55,1.55,8236
2021-06-22,1.47,1.57,1.47,1.57,261
2021-06-25,1.43,1.57,1.43,1.57,114
2021-07-06,1.56,1.56,1.56,1.56,10
2021-07-07,1.56,1.56,1.56,1.56,15
2021-07-08,1.56,1.56,1.56,1.56,10
2021-07-09,1.5,1.57,1.43,1.57,2227
2021-07-14,1.56,1.57,1.54,1.57,510
2021-07-20,1.6,1.9,1.6,1.85,6334
2021-07-21,1.65,1.65,1.41,1.45,5744
2021-07-22,1.5,1.5,1.5,1.5,675
2021-07-26,1.5,1.5,1.5,1.5,15
2021-07-27,1.52,1.65,1.52,1.65,1104
2021-07-28,1.64,1.64,1.64,1.64,110
2021-07-29,1.64,1.65,1.64,1.65,169
2021-08-02,1.5,1.65,1.5,1.65,34
2021-08-03,1.64,1.64,1.64,1.64,50
2021-08-04,1.64,1.64,1.64,1.64,10
2021-08-05,1.64,1.64,1.64,1.64,10
2021-08-09,1.64,1.64,1.64,1.64,10
2021-08-10,1.64,1.64,1.64,1.64,10
2021-08-11,1.62,1.62,1.62,1.62,10
2021-08-12,1.64,1.64,1.64,1.64,10
2021-08-13,1.64,1.65,1.64,1.65,410
2021-08-16,1.65,1.65,1.65,1.65,110
2021-08-17,1.53,1.65,1.53,1.65,60
2021-08-18,1.64,1.64,1.45,1.45,1159
2021-08-19,1.46,1.59,1.46,1.59,20
2021-08-24,1.58,1.59,1.58,1.59,10
2021-08-25,1.5,1.59,1.46,1.59,1010
2021-08-26,1.59,1.59,1.59,1.59,100
2021-08-31,1.5,1.52,1.38,1.52,16900
2021-09-01,1.38,1.52,1.38,1.52,162
2021-09-03,1.51,1.51,1.51,1.51,10
2021-09-06,1.51,1.51,1.51,1.51,300
2021-09-07,1.5,1.5,1.5,1.5,2115
2021-09-08,1.5,1.5,1.5,1.5,12
2021-09-09,1.5,1.5,1.5,1.5,10
2021-09-10,1.5,1.5,1.5,1.5,10
2021-09-13,1.5,1.5,1.5,1.5,10
2021-09-14,1.5,1.5,1.5,1.5,10
2021-09-15,1.5,1.5,1.35,1.45,2246
2021-09-16,1.32,1.4,1.31,1.4,2335
2021-09-20,1.39,1.39,1.39,1.39,10
2021-09-21,1.39,1.39,1.27,1.37,240
2021-09-22,1.37,1.37,1.37,1.37,100
2021-09-23,1.39,1.39,1.39,1.39,10
2021-09-29,1.38,1.38,1.38,1.38,125
2021-09-30,1.39,1.39,1.39,1.39,10
2021-10-01,1.39,1.39,1.39,1.39,216
2021-10-04,1.39,1.39,1.39,1.39,10
2021-10-05,1.39,1.39,1.39,1.39,10
2021-10-06,1.28,1.39,1.28,1.39,510
2021-10-07,1.38,1.38,1.38,1.38,12
2021-10-08,1.38,1.38,1.38,1.38,10
2021-10-11,1.38,1.38,1.38,1.38,10
2021-10-12,1.38,1.38,1.38,1.38,140
2021-10-13,1.38,1.38,1.28,1.38,30
2021-10-14,1.38,1.38,1.38,1.38,310
2021-10-15,1.38,1.38,1.38,1.38,10
2021-10-18,1.38,1.38,1.38,1.38,10
2021-10-19,1.38,1.42,1.38,1.42,730
2021-10-25,1.43,1.59,1.43,1.59,2380
2021-10-27,1.57,1.57,1.42,1.5,70
2021-10-29,1.55,1.55,1.55,1.55,10
2021-11-02,1.55,1.55,1.55,1.55,10
2021-11-03,1.55,1.55,1.55,1.55,10
2021-11-04,1.55,1.55,1.36,1.36,1160
2021-11-05,1.5,1.5,1.5,1.5,25
2021-11-08,1.5,1.5,1.5,1.5,3
2021-11-09,1.49,1.49,1.49,1.49,15
2021-11-10,1.49,1.49,1.49,1.49,10
2021-11-12,1.49,1.49,1.49,1.49,10
2021-11-15,1.49,1.49,1.49,1.49,10
2021-11-16,1.49,1.49,1.49,1.49,10
2021-11-17,1.49,1.5,1.49,1.5,1010
2021-11-18,1.51,1.51,1.51,1.51,10
2021-11-19,1.5,1.5,1.5,1.5,10
2021-11-22,1.51,1.51,1.51,1.51,10
2021-11-23,1.51,1.51,1.51,1.51,10
2021-11-24,1.51,1.51,1.51,1.51,12
2021-11-25,1.51,1.51,1.51,1.51,10
2021-11-26,1.51,1.51,1.51,1.51,10
2021-11-29,1.51,1.51,1.51,1.51,10
2021-11-30,1.51,1.51,1.51,1.51,10
2021-12-01,1.51,1.51,1.51,1.51,10
2021-12-02,1.51,1.51,1.51,1.51,10
2021-12-03,1.5,1.5,1.5,1.5,12
2021-12-06,1.5,1.5,1.5,1.5,10
2021-12-10,1.51,1.51,1.51,1.51,10
2021-12-13,1.5,1.5,1.5,1.5,10
2021-12-14,1.51,1.52,1.51,1.52,7226
2021-12-15,1.54,1.54,1.54,1.54,10
2021-12-17,1.54,1.54,1.54,1.54,100
2021-12-20,1.5,1.5,1.5,1.5,10
2021-12-21,1.5,1.5,1.39,1.5,781
2021-12-22,1.54,1.54,1.54,1.54,10
2021-12-23,1.52,1.52,1.35,1.51,7511
2021-12-27,1.51,1.51,1.37,1.51,14
2021-12-28,1.51,1.51,1.34,1.5,828
2021-12-29,1.5,1.5,1.5,1.5,10
2021-12-30,1.5,1.5,1.5,1.5,10
2022-01-03,1.48,1.48,1.48,1.48,10
2022-01-04,1.48,1.48,1.48,1.48,10
2022-01-05,1.48,1.48,1.48,1.48,10
2022-01-07,1.34,1.48,1.34,1.48,249
2022-01-10,1.48,1.48,1.48,1.48,10
2022-01-11,1.45,1.45,1.45,1.45,10
2022-01-12,1.45,1.45,1.45,1.45,10
2022-01-13,1.45,1.45,1.45,1.45,310
2022-01-14,1.45,1.45,1.45,1.45,10
2022-01-17,1.48,1.48,1.48,1.48,10
2022-01-18,1.48,1.48,1.48,1.48,10
2022-01-19,1.48,1.48,1.48,1.48,10
2022-01-20,1.48,1.48,1.33,1.44,668
2022-01-25,1.42,1.42,1.42,1.42,10
2022-01-27,1.32,1.32,1.3,1.3,1000
2022-01-28,1.2,1.35,1.2,1.35,1900
2022-01-31,1.35,1.35,1.35,1.35,100
2022-02-14,1.3,1.4,1.27,1.4,6714
2022-02-15,1.4,1.46,1.4,1.46,2808
2022-02-16,1.47,1.49,1.41,1.42,7603
2022-02-17,1.47,1.47,1.47,1.47,21
2022-02-18,1.47,1.5,1.47,1.5,30
2022-02-23,1.5,1.67,1.5,1.6,1091
2022-02-24,1.5,1.5,1.4,1.4,60
2022-02-25,1.59,1.59,1.59,1.59,5
2022-03-01,1.56,1.56,1.4,1.5,2076
2022-03-10,1.48,1.48,1.48,1.48,10
2022-03-11,1.45,1.45,1.45,1.45,10
2022-03-14,1.45,1.45,1.45,1.45,10
2022-03-16,1.44,1.44,1.44,1.44,10
2022-03-17,1.42,1.42,1.42,1.42,10
2022-03-18,1.42,1.42,1.42,1.42,10
2022-03-21,1.42,1.42,1.42,1.42,10
2022-03-22,1.42,1.42,1.42,1.42,10
2022-03-23,1.42,1.42,1.42,1.42,10
2022-03-24,1.42,1.42,1.42,1.42,10
2022-03-25,1.42,1.42,1.42,1.42,10
2022-03-29,1.42,1.42,1.42,1.42,10
2022-03-30,1.4,1.4,1.4,1.4,10
2022-03-31,1.4,1.4,1.4,1.4,10
2022-04-01,1.4,1.4,1.4,1.4,10
2022-04-04,1.49,1.49,1.49,1.49,1
2022-04-21,1.49,1.49,1.49,1.49,10
2022-04-25,1.49,1.49,1.32,1.4,1015
2022-04-26,1.41,1.41,1.41,1.41,10
2022-05-02,1.4,1.4,1.4,1.4,100
2022-05-04,1.41,1.41,1.41,1.41,10
2022-05-05,1.41,1.41,1.29,1.29,935
2022-05-06,1.37,1.37,1.24,1.34,1004
2022-05-09,1.23,1.23,1.21,1.21,975
2022-05-10,1.28,1.28,1.28,1.28,1
2022-05-11,1.28,1.3,1.28,1.3,40
2022-05-12,1.2,1.31,1.2,1.31,100
2022-05-13,1.17,1.25,1.11,1.25,3046
2022-05-16,1.25,1.25,1.25,1.25,18
2022-05-25,1.11,1.2,1.1,1.2,1451
2022-05-26,1.2,1.38,1.2,1.38,3000
2022-05-27,1.21,1.28,1.18,1.28,1036
2022-05-30,1.15,1.28,1.15,1.28,322
2022-05-31,1.14,1.23,1.14,1.23,1041
2022-06-14,1.14,1.21,1.11,1.21,1311
2022-06-15,1.1,1.2,1.08,1.2,991
2022-06-23,1.05,1.1,1.01,1.1,1286
2022-06-24,1,1.12,0.98,1.02,3339
2022-06-27,1.08,1.08,1.08,1.08,1
2022-06-29,1.01,1.07,0.97,1.07,1455
2022-06-30,1.07,1.07,1,1,60
2022-07-04,1,1.02,1,1.02,91
2022-07-12,1,1,1,1,350
2022-07-13,1,1,1,1,60
2022-07-14,1,1,1,1,10
2022-07-19,1,1,1,1,10
2022-07-20,1,1,1,1,10
2022-07-21,1,1,1,1,10
2022-07-25,1,1,1,1,20
2022-07-26,1,1,1,1,535
2022-08-02,1.01,1.01,1.01,1.01,10
2022-08-03,1.01,1.03,1.01,1.03,811
2022-08-04,0.98,1.02,0.97,1.02,98
2022-08-16,1.02,1.02,0.98,1.02,1082
2022-08-24,1,1,1,1,20
2022-08-25,1,1,1,1,665
2022-08-26,1,1,1,1,10
2022-08-29,0.97,0.98,0.9,0.91,3255
2022-08-30,0.91,0.91,0.91,0.91,285
2022-09-05,0.85,0.9,0.82,0.86,3995
2022-09-07,0.9,0.9,0.9,0.9,1
2022-10-13,0.9,0.9,0.85,0.9,1003
2022-11-02,0.9,0.94,0.9,0.94,400
2022-11-07,0.9,0.95,0.9,0.95,21711
2022-11-10,0.9,0.95,0.88,0.95,1002
2022-11-16,0.95,0.96,0.95,0.96,100
2022-11-21,0.96,0.97,0.96,0.97,687
2022-11-25,0.94,0.98,0.94,0.98,10
2022-11-28,0.94,0.96,0.92,0.96,21657
2022-12-05,0.91,0.91,0.89,0.89,1499
2022-12-07,0.89,0.89,0.89,0.89,20
2022-12-08,0.88,0.88,0.875,0.875,100
2022-12-09,0.9,0.9,0.9,0.9,20
2022-12-19,0.9,0.9,0.9,0.9,850
2022-12-27,0.88,0.9,0.85,0.9,501
2023-01-04,0.885,0.92,0.885,0.92,200
2023-01-05,0.92,0.93,0.92,0.93,20
2023-01-13,0.885,0.93,0.885,0.93,21
2023-01-17,0.885,0.93,0.86,0.93,2103
2023-01-27,0.88,0.93,0.88,0.93,1170
2023-02-01,0.87,0.87,0.85,0.85,300
2023-02-02,0.85,0.85,0.85,0.85,2071
2023-02-03,0.85,0.85,0.85,0.85,15
2023-02-06,0.85,0.85,0.85,0.85,20
2023-02-07,0.85,0.85,0.85,0.85,20
2023-02-08,0.85,0.85,0.85,0.85,5020
2023-02-09,0.84,0.84,0.8,0.8,659
2023-02-10,1.35,1.62,1.21,1.62,141391
2023-02-13,1.7,2.02,1.42,1.65,118679
2023-02-14,1.6,1.73,1.4,1.56,21080
2023-02-15,1.54,1.69,1.32,1.44,19068
2023-02-16,1.38,1.45,1.28,1.44,8325
2023-02-17,1.4,1.52,1.4,1.49,8243
2023-02-20,1.51,1.54,1.35,1.5,5865
2023-02-21,1.36,1.4,1.3,1.4,1651
2023-02-22,1.4,1.4,1.12,1.3,1930
2023-02-23,1.06,1.27,1.06,1.16,3031
2023-02-24,1.29,1.41,1.29,1.39,2593
2023-02-27,1.4,1.44,1.13,1.29,9286
2023-02-28,1.3,1.3,1.14,1.14,3925
2023-03-01,1.27,1.38,1.09,1.23,3882
2023-03-02,1.31,1.31,1.1,1.11,6340
2023-03-03,1.3,1.3,1.19,1.28,11633
2023-03-06,1.29,1.29,1.16,1.27,8845
2023-03-07,1.15,1.15,1.15,1.15,200
2023-03-08,1.18,1.26,1.18,1.26,450
2023-03-09,1.2,1.26,1.13,1.26,4575
2023-03-10,1.22,1.22,1.16,1.19,1729
2023-03-13,1.12,1.14,1,1.14,3406
2023-03-14,1.04,1.13,1.04,1.13,251
2023-03-15,1.03,1.13,1.03,1.13,6
2023-03-20,1.07,1.07,1.07,1.07,10
2023-03-21,0.925,1.05,0.86,0.96,8904
2023-03-22,0.87,0.935,0.87,0.93,9093
2023-03-23,0.87,0.93,0.87,0.93,920
2023-03-24,0.935,0.935,0.875,0.875,300
2023-03-27,0.875,0.93,0.875,0.93,1666
2023-03-28,0.93,0.93,0.87,0.87,1805
2023-03-29,0.87,0.92,0.87,0.92,1051
2023-03-30,0.87,0.9,0.87,0.9,6550
2023-04-03,0.87,0.9,0.87,0.9,380
2023-04-04,0.9,0.9,0.87,0.87,215
2023-04-05,0.87,0.87,0.85,0.85,2620
2023-04-06,0.85,0.85,0.85,0.85,206
2023-04-13,0.87,0.87,0.87,0.87,20
2023-04-17,0.87,0.9,0.87,0.9,4430
2023-04-18,0.88,0.9,0.88,0.9,5570
2023-04-20,0.9,0.9,0.9,0.9,4988
2023-04-25,0.85,0.87,0.82,0.87,1050
2023-05-02,0.82,0.96,0.82,0.96,4601
2023-05-04,0.93,0.95,0.93,0.95,5090
2023-05-08,0.96,1.05,0.96,1.05,5620
2023-05-09,1.1,1.1,1.02,1.02,1700
2023-05-10,1.03,1.03,1.03,1.03,10
2023-05-11,1.02,1.03,1.02,1.03,1840
2023-05-12,1.09,1.09,1.09,1.09,29
2023-05-16,1.01,1.01,0.93,0.98,2600
2023-05-17,0.98,0.98,0.98,0.98,300
2023-05-18,0.98,0.98,0.98,0.98,20
2023-05-19,0.96,0.96,0.88,0.96,1056
2023-05-23,0.9,0.9,0.9,0.9,50
2023-05-24,0.95,0.95,0.95,0.95,39
2023-05-25,0.95,1.04,0.93,1.03,5716
2023-06-01,1.03,1.03,0.95,1.02,1986
2023-06-02,0.95,1.02,0.95,1.02,1280
2023-06-07,1.02,1.02,1.02,1.02,10
2023-06-12,1.02,1.02,1.02,1.02,20
2023-06-13,1.02,1.02,1.01,1.01,60
2023-06-14,1.02,1.02,1.02,1.02,53
